id,name,genre,studio,created
1,Love Streams,Comedy|Drama,Hane-Sawayn,1977-01-15T00:19:51Z
2,What Matters Most,Drama,Lindgren Inc,1986-05-27T13:03:41Z
3,Country,Drama,Lind Inc,2000-11-16T04:12:14Z
4,"Dangerous Profession, A",Crime|Drama|Film-Noir,"Mosciski, Nolan and Doyle",2011-11-20T17:49:51Z
5,Darkness,Horror|Mystery,"Botsford, Quitzon and Wiegand",2009-07-14T22:18:19Z
6,After Midnight,Horror|Thriller,Marks LLC,1975-10-16T17:17:30Z
7,Ranma ½: Nihao My Concubine (Ranma ½: Kessen Tôgenkyô! Hanayome o torimodose!!),Action|Adventure|Comedy|Fantasy|Romance,Hahn Inc,1976-08-21T02:14:07Z
8,Casa de mi Padre,Comedy,Hoppe-Hauck,2001-05-12T18:57:50Z
9,Superman II,Action|Sci-Fi,Cremin-Hane,2016-08-03T00:30:29Z
10,At Close Range,Crime|Drama,Price-Hand,1984-08-17T03:50:57Z
11,Another Harvest Moon,Drama,"Harber, Stamm and Streich",1987-09-30T07:27:09Z
12,Room Service,Comedy,"Bauch, Schuster and Moore",2014-01-01T13:19:10Z
13,Basara: Princess Goh,Drama,Donnelly-Lehner,1999-06-01T03:14:22Z
14,"Dogwalker, The",Drama,Heathcote-Klein,2000-01-30T02:01:14Z
15,Exit,Drama,"Schaefer, Shanahan and Kunde",2000-11-12T06:06:44Z
16,HazMat,Horror,Morissette-Barrows,2013-04-10T07:46:57Z
17,"Red Elvis, The (Der rote Elvis)",Documentary,Lemke-Morar,1997-04-06T19:44:56Z
18,"Lost Son, The",Drama,Harris-Jast,2020-12-02T15:30:13Z
19,Swimming Pool,Drama|Mystery|Thriller,Farrell-Pacocha,1987-05-31T07:16:37Z
20,America's Heart and Soul,Documentary,Price-Crona,1977-02-16T19:22:09Z
21,"Brave Little Toaster, The",Animation|Children,Walter Inc,2002-01-02T02:30:30Z
22,"Signos del zodiaco, Los",Drama,Krajcik-Grimes,2007-05-31T19:16:43Z
23,Hush,Thriller,"Kautzer, Will and Sawayn",1999-10-27T19:11:17Z
24,A Gun for Jennifer,Crime|Drama|Thriller,Beatty and Sons,1994-12-04T18:59:19Z
25,"Late George Apley, The",Comedy,"Tremblay, Schuppe and O'Hara",1985-10-18T02:50:12Z
26,Tom Segura: Completely Normal,Comedy,Jaskolski LLC,2005-11-24T17:14:56Z
27,"Devil's Eye, The (Djävulens öga)",Comedy|Drama|Fantasy,Greenfelder Inc,2007-06-26T20:11:58Z
28,Retrogade,Action|Adventure|Sci-Fi,"Rowe, Sanford and Hartmann",2011-04-28T03:42:07Z
29,Silver City,Comedy|Drama|Mystery|Thriller,"Howell, Boyer and Collins",2016-05-28T06:39:07Z
30,Nomad (Köshpendiler),Drama|War,Jacobi-Quitzon,1981-11-14T15:31:39Z
31,Appleseed (Appurushîdo),Action|Animation|Fantasy|Sci-Fi,Kozey LLC,1993-12-21T10:07:21Z
32,Iron Man,Action|Adventure|Sci-Fi,"Fisher, Bogan and Koelpin",1974-06-07T07:16:49Z
33,"Amateur, The",Crime|Thriller,Kunde-Brekke,2009-02-18T16:03:52Z
34,"Swarm, The",Action|Horror|Sci-Fi,Dibbert-Kovacek,2001-06-23T22:28:52Z
35,"Reluctant Debutante, The",Comedy|Drama,"Turner, Walsh and Spencer",1976-08-24T19:35:14Z
36,I Remember (Eu Me Lembro),Drama,Konopelski LLC,1984-08-06T13:09:43Z
37,"Violent Cop (Sono otoko, kyôbô ni tsuki)",Action|Crime|Drama|Thriller,Marks-Stiedemann,1981-10-26T13:51:16Z
38,Stereo,Sci-Fi,Torp-Abshire,1987-01-12T05:31:00Z
39,"Walk on the Moon, A",Drama|Romance,Hartmann-Bergstrom,1976-01-01T21:15:00Z
40,Loft,Comedy|Thriller,Hudson Inc,1988-04-08T02:27:01Z
41,"Girls, Les",Musical,Lind Group,2004-02-23T01:24:02Z
42,Jerry and Tom,Comedy|Crime|Drama,Hickle Inc,2005-11-13T03:02:14Z
43,Street Trash,Comedy|Horror,Gislason Group,1988-04-05T09:00:00Z
44,Class of 1999,Action|Horror|Sci-Fi,Pacocha Inc,1978-11-08T07:25:22Z
45,Highwaymen,Action|Crime|Thriller,Senger-Goyette,2001-10-31T04:48:33Z
46,"Patrik Age 1.5 (Patrik 1,5)",Comedy|Drama|Romance,Gutmann Group,2000-02-22T13:48:13Z
47,"Ultimate Warrior, The",Action|Sci-Fi|Thriller,Huels-Wolff,1980-04-25T23:59:32Z
48,"Hoax, The",Crime|Drama,"Wyman, Farrell and Hammes",1996-01-04T10:08:13Z
49,"Mudge Boy, The",Drama,"Daniel, Kreiger and Lakin",1977-12-28T12:56:52Z
50,Descent,Drama|Thriller,Eichmann-Altenwerth,1998-11-19T22:13:40Z
51,"Dunwich Horror, The",Horror,Kulas Inc,2007-04-22T12:27:15Z
52,Kiki,Comedy,Gutkowski LLC,1979-07-12T02:15:46Z
53,"Ambassador, The (Ambassadøren)",Documentary,"Hettinger, Oberbrunner and Greenfelder",2014-05-15T21:42:17Z
54,"Sound of Music, The",Musical|Romance,"Stokes, Gerlach and Feest",2008-01-01T02:16:03Z
55,9,Animation|Fantasy,"Welch, Cremin and Muller",2000-07-10T18:45:41Z
56,"Longest Yard, The",Comedy,Nader Inc,1999-05-22T13:58:23Z
57,By the Sea,Comedy,Ruecker and Sons,1982-12-04T20:31:03Z
58,"Good Time Girls, The (Bonnes femmes, Les)",Drama|Mystery|Romance,"Pouros, Hilll and Kemmer",1978-06-29T07:10:33Z
59,Miss Météo,Comedy|Drama,Miller-Schroeder,2003-04-13T04:01:10Z
60,Ocho apellidos vascos,Comedy,"White, Dicki and Schultz",2002-01-09T19:16:32Z
61,Breaking Away,Comedy|Drama,Bashirian Inc,2018-03-05T07:52:52Z
62,"Friend Is a Treasure, A (Chi Trova Un Amico, Trova un Tesoro) (Who Finds a Friend Finds a Treasure)",Action|Adventure|Comedy,Ziemann and Sons,2010-08-27T22:46:38Z
63,Panic Room,Thriller,"Friesen, Heller and Jerde",2006-09-23T12:40:47Z
64,Zatoichi Challenged (Zatôichi chikemuri kaidô) (Zatôichi 17),Action|Drama,Dibbert-Trantow,1976-03-20T04:36:20Z
65,Dirigible,Adventure,Anderson-Balistreri,1992-05-02T11:35:24Z
66,Wodehouse In Exile,Drama,"Gleason, Altenwerth and Toy",2001-11-16T13:20:40Z
67,"Day of the Locust, The",Drama,Hayes-McClure,1985-08-28T12:12:58Z
68,Åsa-Nisse - Wälkom to Knohult,Comedy,"Lowe, O'Reilly and Crist",2017-08-22T22:17:44Z
69,Tormented,Comedy|Horror,Brakus-Davis,1974-10-05T04:02:07Z
70,"Escape Artist, The",Drama|Thriller,"Aufderhar, Greenholt and Will",1991-11-01T23:33:58Z
71,Last Cowboy Standing (Skavabölen pojat),Drama,Swift-Gorczany,1986-03-13T12:33:54Z
72,Legend of the Eight Samurai (Satomi hakken-den),Action|Adventure|Drama|Fantasy,Corkery-Hickle,1981-10-31T14:59:13Z
73,Lili Marleen,Drama,Yost Group,2001-05-12T22:07:15Z
74,"Summit, The",Documentary,Deckow and Sons,2018-07-08T22:30:59Z
75,"Eversmile, New Jersey",Comedy|Drama|Romance,Franecki Group,2000-08-17T16:32:40Z
76,Swing Time,Comedy|Musical|Romance,Aufderhar-Swift,1977-01-29T19:35:03Z
77,Smashing Pumpkins: Vieuphoria,Documentary|Musical,Crona LLC,2006-08-19T21:16:07Z
78,Lightning Bolt: The Power of Salad,Documentary,"Gerlach, Farrell and Zboncak",2006-06-04T02:42:49Z
79,"Far Horizons, The",Western,Tillman-Effertz,1984-09-17T03:53:58Z
80,Playing with Love (Puppy Love) (Maladolescenza),Drama,Schinner LLC,2009-10-30T23:47:37Z
81,"Lay of the Land, The",Comedy|Drama,"Lind, Prosacco and Kilback",2002-06-05T00:26:42Z
82,We Are What We Are,Drama|Horror|Mystery|Thriller,"Crona, Dicki and Windler",2016-12-09T06:58:39Z
83,Sachs' Disease (La maladie de Sachs),Drama,Schamberger Inc,1993-05-06T02:24:57Z
84,Mr. Robinson Crusoe,Adventure|Comedy,Erdman Group,1987-03-12T21:37:07Z
85,Salaam Bombay!,Drama,Swift-Wuckert,1992-06-04T06:59:39Z
86,Pat and Mike,Comedy|Romance,"Skiles, Beier and Wuckert",1974-06-05T07:52:15Z
87,"Paris, I Love You (Paris, je t'aime)",Romance,Keebler Inc,2015-03-26T00:43:23Z
88,Guyana Tragedy: The Story of Jim Jones,Drama,"Crist, Blanda and Gulgowski",1977-05-06T12:14:30Z
89,Kart Racer,Drama,Mueller LLC,1991-03-05T17:45:27Z
90,"First Power, The",Crime|Horror|Thriller,Olson-Abernathy,2020-10-11T06:02:22Z
91,Tabloid,Documentary,O'Keefe-Boyer,1976-04-20T17:33:20Z
92,"Blood of a Poet, The (Sang d'un poète, Le)",Drama|Fantasy,"Walker, Metz and Schmeler",2020-07-22T04:26:44Z
93,Jungleground,Action|Sci-Fi|Thriller,"Toy, Welch and Stroman",1984-10-03T00:31:28Z
94,Tanner Hall,Drama,"Nikolaus, Wisozk and Mante",1986-05-05T16:54:32Z
95,Hatchet III,Comedy|Horror,Jacobi Group,2011-06-29T23:01:48Z
96,"Prelude to War (Why We Fight, 1)",Documentary|War,Stroman Inc,2011-07-29T20:05:48Z
97,The Mark of the Angels - Miserere,Thriller,Boehm LLC,1986-09-21T03:36:38Z
98,Patsy,Comedy|Drama|Mystery|Romance,"Raynor, Weimann and Towne",2006-08-24T14:12:53Z
99,Herbie Goes Bananas,Adventure|Children|Comedy,Cole LLC,1988-07-29T07:00:32Z
100,In Bloom (Grzeli nateli dgeebi),Drama,"Daugherty, Rempel and Hand",2020-06-02T02:53:57Z
101,Napoleon,Adventure|Children,Kuphal LLC,1989-09-05T20:21:50Z
102,How the Grinch Stole Christmas!,Animation|Comedy|Fantasy|Musical,"Streich, Haag and Heidenreich",2017-02-01T14:34:59Z
103,H6: Diario de un asesino,Horror|Thriller,MacGyver and Sons,2001-09-24T04:12:49Z
104,Yumurta (Egg),Drama,"Feil, Rempel and Jacobi",1987-02-24T16:52:24Z
105,Twist,Drama,"Tremblay, Reichert and Kuhlman",1976-03-02T20:40:20Z
106,"White Stripes Under Great White Northern Lights, The",Documentary,"Jaskolski, Crona and Rau",2005-10-01T18:59:15Z
107,Boys' Night Out,Comedy,Moore LLC,1980-06-28T13:21:25Z
108,Yol (a.k.a. The Way),Drama,O'Keefe-Abbott,1994-02-09T13:09:59Z
109,Trinity: Gambling for High Stakes (Odds and Evens) (Pari e dispari),Comedy|Crime,Weimann LLC,1984-03-31T14:44:49Z
110,Gainsbourg (Vie Héroïque),Drama|Musical|Romance,Huels-Price,1992-01-23T03:39:00Z
111,Billabong Odyssey,Documentary,"Mohr, Schuster and Aufderhar",1981-05-31T16:58:43Z
112,Bless the Child,Thriller,"Quitzon, Nicolas and McKenzie",1997-07-02T05:27:25Z
113,Dickie Roberts: Former Child Star,Comedy,Gerhold-Larkin,1983-06-08T13:06:38Z
114,Bernie,Comedy|Crime|Drama,Bradtke-Kutch,2017-06-03T09:41:33Z
115,Ace of Hearts,Children|Drama,Armstrong-Kirlin,2004-12-18T22:56:41Z
116,Our Family Wedding,Comedy,Gislason Inc,2020-06-14T00:19:12Z
117,"First $20 Million Is Always the Hardest, The",Comedy,"Kuhlman, Swift and Schmidt",2013-10-30T15:32:26Z
118,Wedding Daze,Comedy|Romance,Dietrich-Schinner,2013-07-13T17:19:11Z
119,The Way He Looks,Drama|Romance,"Kertzmann, Hansen and DuBuque",2016-02-01T07:36:33Z
120,"Night of the Generals, The",Crime|Drama|Mystery|Thriller|War,Sporer Inc,1991-01-14T05:38:09Z
121,Love Hina Again,Animation|Comedy|Drama,Glover Group,2014-03-21T07:25:21Z
122,Terry Fator: Live from Las Vegas,Comedy,Marvin Inc,2016-07-07T13:24:43Z
123,"Occupants, The",Thriller,Jast-Satterfield,2002-03-22T02:58:55Z
124,Romantics Anonymous (Les émotifs anonymes),Comedy|Romance,Mertz and Sons,2011-10-12T01:32:58Z
125,Fellini's Roma (Roma),Drama,Abshire Group,2005-06-12T07:52:42Z
126,Dodsworth,Drama|Romance,Conn and Sons,2018-05-10T13:35:17Z
127,The Secret of Convict Lake,Western,Schumm-Wehner,1970-05-01T08:11:31Z
128,Three Quarter Moon,Comedy|Drama,Abbott-Dicki,1980-01-20T09:18:25Z
129,Mía,Drama,"Larkin, Wyman and Ratke",1998-06-11T22:38:53Z
130,Courier,Comedy|Drama|Romance,Moen-Romaguera,2016-03-13T17:57:31Z
131,Closely Watched Trains (Ostre sledované vlaky),Comedy|Drama|War,Stokes Inc,1991-08-26T21:52:04Z
132,"7th Voyage of Sinbad, The",Action|Adventure|Fantasy,Torphy Group,1982-10-04T20:45:00Z
133,Toast,Comedy|Drama,Durgan Group,2002-02-07T08:43:41Z
134,Blue Week (Sininen viikko),Drama|Romance,Flatley-Christiansen,1990-11-07T10:46:43Z
135,Vegas Vacation (National Lampoon's Las Vegas Vacation),Comedy,Marvin-Reichel,2014-03-05T03:33:15Z
136,Manny,Documentary|Drama,"Stamm, Sporer and Torphy",2005-07-20T04:56:42Z
137,Toto le héros,Drama,Boyle and Sons,1975-04-16T02:13:29Z
138,"Equalizer, The",Action|Crime|Thriller,"Lebsack, Wisozk and Daniel",2006-02-01T12:52:59Z
139,Hellraiser: Bloodline,Action|Horror|Sci-Fi,Graham LLC,1972-10-25T23:33:46Z
140,Goldfish Memory,Comedy|Drama,Labadie Inc,1973-01-31T13:18:06Z
141,From the Journals of Jean Seberg,Documentary,"Wolf, Cronin and Stiedemann",2004-04-10T17:01:58Z
142,"Discreet Charm of the Bourgeoisie, The (Charme discret de la bourgeoisie, Le)",Comedy|Drama|Fantasy,"Gottlieb, Cronin and Schmidt",1970-04-24T18:10:59Z
143,Rampage,Thriller,"Hoppe, Toy and Dach",1984-01-09T14:09:33Z
144,"King - Jari Litmanen, The (Kuningas Litmanen)",Documentary,"Goodwin, Altenwerth and Bernier",2005-06-14T18:05:23Z
145,What About Dick?,Comedy,"Von, Shields and Heller",1989-12-30T17:42:52Z
146,Burglar,Comedy|Crime,Koepp-Rosenbaum,1995-06-19T04:30:55Z
147,"Big Hand for the Little Lady, A",Comedy|Drama|Western,Maggio Inc,1979-08-17T13:16:41Z
148,Love Exposure (Ai No Mukidashi),Action|Comedy|Drama|Romance,Runte Inc,2001-12-23T21:52:11Z
149,"Theory of Everything, The",Drama,Klein-Borer,1983-03-23T23:15:58Z
150,Charlie Chan in London,Drama|Mystery,Ritchie and Sons,2004-05-07T18:51:09Z
151,Asylum,Horror|Thriller,Keeling-Schultz,1984-05-17T04:26:16Z
152,"Herod's Law (Ley de Herodes, La)",Comedy|Crime|Mystery,Effertz Inc,1976-08-10T20:41:24Z
153,You Killed Me First,Drama,"Weissnat, Shanahan and Zemlak",2004-02-29T19:48:21Z
154,"Way Ahead, The (a.k.a. The Immortal Battalion)",Drama|War,Spinka LLC,1971-11-17T17:14:15Z
155,Backstage,Drama,Macejkovic-Eichmann,1988-10-18T22:59:48Z
156,Japanese Story,Drama,Brakus Group,1989-10-30T13:26:06Z
157,Cool Runnings,Comedy,Mante-Kassulke,2009-11-29T17:05:32Z
158,Basket Case 3: The Progeny,Comedy|Horror,Trantow-Tillman,1985-05-25T06:18:22Z
159,Seyyit Khan: Bride of the Earth (Seyyit Han),Drama|Western,Koch LLC,2016-02-28T19:30:17Z
160,"Guns of Navarone, The",Action|Adventure|Drama|War,"Stoltenberg, Bayer and Wuckert",1981-09-19T09:43:03Z
161,Top Secret!,Comedy,Treutel Group,1981-07-20T10:22:48Z
162,"Bridge on the River Kwai, The",Adventure|Drama|War,Schneider-Kessler,1998-06-17T09:13:18Z
163,Yamakasi - Les samouraïs des temps modernes,Action|Crime|Drama,Kozey-Glover,1983-03-07T18:58:45Z
164,Ben,Horror|Thriller,Donnelly Inc,1985-11-09T02:01:55Z
165,Lincz,Drama|Thriller,Davis LLC,1989-04-16T11:55:32Z
166,Ruby,Crime|Drama,Larkin Group,1975-02-14T09:47:38Z
167,"Final Cut, The",Sci-Fi|Thriller,"Ziemann, Stracke and Kulas",2013-10-07T03:49:49Z
168,Mitchell,Action|Crime,D'Amore LLC,2013-01-11T10:36:42Z
169,Wild Seven,Crime|Drama,Huels LLC,2015-01-04T02:35:55Z
170,"Newest Pledge, The",Comedy,Herman Group,1972-07-19T22:41:41Z
171,God’s Wedding (As Bodas de Deus),Comedy,"Langworth, Hoeger and Hermiston",2016-06-02T08:29:04Z
172,Brewster McCloud,Comedy,Lemke-Reichel,2016-04-10T19:38:26Z
173,"Emperor's Naked Army Marches On, The (Yuki Yukite shingun)",Documentary,Hagenes LLC,2002-06-11T16:42:17Z
174,St Trinian's 2: The Legend of Fritton's Gold,Adventure|Comedy,Kozey-Von,1986-03-03T07:37:46Z
175,Dream Wife,Comedy|Romance,Johns LLC,2020-05-15T08:11:43Z
176,Six by Sondheim,Documentary,Satterfield Inc,2009-01-30T20:08:27Z
177,Waking Life,Animation|Drama|Fantasy,"Goldner, Heidenreich and Schumm",2007-04-24T15:01:33Z
178,"Dancer Upstairs, The",Crime|Drama|Thriller,"Beier, Johnston and Collier",1973-11-20T05:42:12Z
179,Basara: Princess Goh,Drama,Donnelly-Feil,2007-06-07T20:44:23Z
180,Slappy and the Stinkers,Children|Comedy,"Leuschke, Mills and D'Amore",1991-11-02T10:42:55Z
181,Student of the Year,Comedy|Romance,Brown and Sons,2009-11-07T03:24:33Z
182,Amen.,Drama,Erdman-King,1991-07-09T19:06:22Z
183,"Prisoner of Zenda, The",Adventure|Comedy,Boehm-Rath,1975-02-22T02:17:07Z
184,Flicker,Horror,"Waters, O'Keefe and Schuppe",1982-12-15T15:01:03Z
185,Chuck & Buck,Comedy|Drama,Crona and Sons,1990-08-09T18:28:07Z
186,"Straight Story, The",Adventure|Drama,"Strosin, Schiller and Bernier",1971-01-26T04:50:47Z
187,Gold,Action|Adventure|Drama|Thriller,Casper-Little,1990-11-05T04:39:50Z
188,"Hamburg Syndrome, The (Die Hamburger Krankheit)",Adventure|Sci-Fi,"Rempel, Kertzmann and Jerde",1971-02-24T04:12:48Z
189,Goodbye Lover,Comedy|Crime|Thriller,Mertz LLC,1979-11-07T13:15:55Z
190,Dust,Drama|Western,"Rippin, Gaylord and Marvin",2003-07-07T22:37:39Z
191,Halo Legends,Action|Animation|Sci-Fi,"Kuphal, Schinner and Littel",1978-09-22T10:27:44Z
192,O Lucky Man!,Comedy|Drama|Fantasy|Musical,Collier and Sons,1988-05-26T17:18:12Z
193,Love Field,Drama,"Satterfield, Fadel and Barton",2010-05-04T14:43:58Z
194,Gasland Part II,Documentary,Renner Inc,1988-04-23T23:36:28Z
195,Illustrious Corpses (Cadaveri eccellenti),Crime|Mystery|Thriller,Lang-Shanahan,2019-10-23T05:55:39Z
196,My Mother (Ma mère),Drama,O'Keefe-Bradtke,1978-01-02T23:42:57Z
197,Get on the Bus,Drama,"McLaughlin, Ferry and Nolan",1983-11-10T23:58:11Z
198,Mommy,Drama,"Koch, Reilly and Krajcik",1984-04-10T17:57:25Z
199,"Lord of the Rings: The Return of the King, The",Action|Adventure|Drama|Fantasy,"Wyman, Wunsch and Kuphal",1970-10-03T16:33:30Z
200,Possession,Drama|Romance,Durgan-Wiza,2007-05-03T19:46:26Z
201,"Chump at Oxford, A",Comedy,"McGlynn, Sporer and Strosin",2004-07-06T01:32:33Z
202,Krippendorf's Tribe,Comedy,Goldner and Sons,1970-12-23T17:55:57Z
203,King of Jazz,Animation|Musical,"Orn, Ratke and Blick",2009-06-29T00:03:31Z
204,Wristcutters: A Love Story,Drama|Fantasy|Romance,Cremin-Huel,1988-11-07T13:50:44Z
205,Harry Potter and the Deathly Hallows: Part 1,Action|Adventure|Fantasy|IMAX,Thompson-Beer,1983-09-10T12:41:20Z
206,"Hunchback of Notre Dame, The (Notre Dame de Paris)",Drama,Von-Spinka,2014-06-10T11:01:08Z
207,Fire in Castilla (Tactilvision from the Moor of the Fright),Documentary,"Cruickshank, McKenzie and Cartwright",1994-12-17T09:03:06Z
208,"Killing of John Lennon, The",Drama,"Hartmann, O'Reilly and Torp",1996-09-24T15:31:33Z
209,"Adventures of Huckleberry Finn, The",Adventure|Drama,Jones and Sons,1995-11-14T18:59:06Z
210,Coronado,Action|Adventure|War,"Ledner, Vandervort and Herman",1971-07-04T20:08:23Z
211,"Bigamist, The",Drama,"Rippin, Howe and Schmitt",1976-03-23T07:47:44Z
212,"Return of Mod Squad, The",Crime|Drama,"Harber, Douglas and Leannon",2019-01-10T06:00:51Z
213,Go Tell the Spartans,Drama|War,Schuster Inc,2014-03-04T04:38:58Z
214,Girl Play,Comedy,VonRueden and Sons,2007-12-11T03:21:51Z
215,One Trick Pony,Drama,Herzog-Willms,1992-11-26T19:07:56Z
216,"Summer Wishes, Winter Dreams",Drama,"Toy, Towne and Schuppe",1993-09-07T17:28:41Z
217,Life and Debt,Documentary,"Mayert, Yundt and Abernathy",1997-08-17T20:52:43Z
218,"Letter to Momo, A (Momo e no tegami)",Animation|Drama,"Moore, Barton and Hoeger",2005-02-16T02:44:22Z
219,Spaceballs,Comedy|Sci-Fi,"Terry, McCullough and Gerhold",1975-01-26T14:35:55Z
220,"Train, The",Action|Thriller|War,Mertz Group,2013-08-10T22:31:28Z
221,Subspecies,Horror,Torphy-Cassin,2001-02-03T15:17:37Z
222,Cold Fish (Tsumetai nettaigyo),Drama|Thriller,Kuphal and Sons,2018-06-01T17:02:47Z
223,"Left Hand of God, The",Drama,"Waters, Prohaska and West",1992-12-29T07:41:47Z
224,"Perfect Holiday, The",Comedy|Romance,"Little, Roberts and Little",2020-02-06T08:30:44Z
225,Slaughterhouse-Five,Comedy|Drama|Sci-Fi|War,"Durgan, Pacocha and Larson",2002-12-16T07:16:22Z
226,Constantine,Action|Fantasy|Horror|Thriller,Goyette Group,2007-03-23T07:47:46Z
227,"Castle of Cloads, The (Pilvilinna)",Comedy|Drama,"Veum, Swaniawski and Miller",1973-03-24T07:32:00Z
228,Memphis Belle,Action|Drama|War,Wyman-Heathcote,1975-05-07T19:25:44Z
229,Somersault,Drama,"DuBuque, Rodriguez and Homenick",1978-04-21T15:19:48Z
230,Outrageous Class (Hababam sinifi),Comedy|Drama,"O'Keefe, Volkman and Doyle",1982-08-07T13:53:46Z
231,Iron Island (Jazireh Ahani),Drama,Cruickshank LLC,1973-12-02T12:22:52Z
232,"Parallax View, The",Thriller,Moore Group,1988-12-03T05:53:46Z
233,Lavatory Lovestory (Ubornaya istoriya - lyubovnaya istoriya),Animation,Orn-Stroman,1971-02-24T05:00:41Z
234,Iria: Zeiram the Animation ,Action|Animation|Horror|Sci-Fi|Thriller,Reinger and Sons,2013-06-06T18:42:09Z
235,"Princess and the Frog, The",Animation|Children|Fantasy|Musical|Romance,"Wyman, Lang and Hessel",2002-11-03T22:47:40Z
236,Thérèse: The Story of Saint Thérèse of Lisieux,Drama,Simonis-Herman,1978-05-17T06:20:03Z
237,Fortress 2,Action|Sci-Fi,King-Spinka,2010-11-25T12:30:02Z
238,Chronicle of a Disappearance,Drama,"Ryan, Ward and Price",1994-02-26T00:37:48Z
239,Something the Lord Made,Drama,Klocko-Skiles,2009-03-18T16:23:09Z
240,Thunderheart,Crime|Mystery|Thriller,Murphy-Roob,1997-04-01T18:59:10Z
241,Fireflies in the Garden,Drama,Legros-Franecki,1997-09-15T17:34:10Z
242,"Mosquito Net, The (La mosquitera)",Drama,Cremin-Welch,2017-10-20T00:06:28Z
243,Vampire's Kiss,Comedy|Fantasy|Horror,"Lubowitz, Mueller and Zboncak",1988-03-01T17:27:28Z
244,25th Hour,Crime|Drama,Morissette-Hackett,2016-05-05T11:03:22Z
245,Ca$h,Action|Comedy|Crime|Thriller,Huel-Rempel,1982-03-12T21:09:45Z
246,American Mary,Horror|Thriller,"Trantow, Weimann and Harvey",2010-09-24T11:50:10Z
247,"Chocolate Soldier, The",Comedy|Musical,"Weissnat, Hayes and Sporer",2015-07-30T11:40:11Z
248,Hotel,Drama,Kuhic Group,1997-07-01T00:00:51Z
249,Dark Command,Western,Kuvalis Group,1974-08-22T12:15:04Z
250,"Confessional, The (Confessionnal, Le)",Drama|Mystery,Powlowski Inc,1992-02-06T14:20:19Z
251,Strictly Sexual,Comedy|Drama|Romance,Nolan Group,1997-10-01T23:04:36Z
252,Man in the Wilderness,Adventure|Western,Treutel Inc,1975-08-09T06:40:58Z
253,Grizzly Man,Documentary,Dibbert-Kris,1972-11-27T12:09:17Z
254,Casablanca Express,Action|War,Luettgen Inc,1976-12-16T09:26:54Z
255,Moon Man,Animation|Sci-Fi,Schimmel Inc,1972-12-29T15:38:05Z
256,Serenity,Action|Adventure|Sci-Fi,Fisher-Funk,2012-05-29T21:02:36Z
257,"Alexander and the Terrible, Horrible, No Good, Very Bad Day",Comedy,Buckridge and Sons,1996-07-01T03:49:29Z
258,Ghosts... of the Civil Dead,Crime|Drama,"Friesen, Tillman and Upton",1999-05-27T21:00:01Z
259,Winter Sleepers (Winterschläfer),Drama|Romance,Reinger and Sons,2007-09-27T08:04:43Z
260,Sharpay's Fabulous Adventure,Children|Comedy,Balistreri-Kuphal,1973-07-12T03:43:35Z
261,Mr. Average,Comedy|Romance,"Schamberger, Champlin and Abshire",2016-08-09T17:57:18Z
262,Naked Gun 33 1/3: The Final Insult,Action|Comedy,Gleason-Nienow,1994-10-27T18:17:39Z
263,War of the Wildcats (In Old Oklahoma),Western,Toy-Lesch,1973-09-03T07:53:54Z
264,Into the Storm,Action|Thriller,Anderson-Gutkowski,1995-02-16T07:49:18Z
265,Miss Potter,Drama,Hoeger Group,1984-03-24T12:38:26Z
266,Spring is Here,Comedy|Musical|Romance,"Fisher, Quigley and Veum",2006-09-30T09:55:46Z
267,"Canal, The",Horror|Thriller,Moen-Runte,2005-09-08T05:43:21Z
268,Swordfish,Action|Crime|Drama,"Larson, Ernser and Herzog",1971-11-10T05:25:26Z
269,Walk the Line,Drama|Musical|Romance,Jones-Orn,1994-09-04T00:40:24Z
270,700 Sundays,Comedy,Legros-Rowe,1983-04-28T09:56:03Z
271,"Man with the Golden Gun, The",Action|Adventure|Thriller,"Funk, Reinger and Grady",2000-01-16T22:40:17Z
272,First Target,Action,O'Conner-Krajcik,2020-02-07T03:52:50Z
273,My House in Umbria,Drama,Tromp-McKenzie,2001-01-18T17:27:48Z
274,Wild Bill,Crime|Drama,Lynch LLC,2000-07-03T03:51:14Z
275,Diamond Girl,Drama|Romance,Ebert-Miller,2020-07-20T20:43:11Z
276,Malibu's Most Wanted,Comedy|Crime,Heaney Inc,1995-12-26T23:56:19Z
277,Nothing But Ghosts (Nichts als Gespenster),Drama,Rowe-Lubowitz,1987-08-14T16:49:43Z
278,"Now, Voyager",Drama|Romance,DuBuque-Abshire,1974-05-18T10:07:33Z
279,Cleaner,Crime|Thriller,"Beer, Feest and Blanda",2002-12-30T06:00:01Z
280,Chinese Zodiac (Armour of God III) (CZ12),Action|Adventure|IMAX,"Hickle, Ledner and Kuhlman",2011-07-03T20:59:24Z
281,Green Fish (Chorok mulkogi),Drama,Paucek Group,2018-10-17T03:06:57Z
282,Did You Hear About the Morgans?,Comedy|Crime|Drama|Romance,Hessel and Sons,1971-04-27T11:21:55Z
283,Power,Drama,Ullrich-Blanda,1973-08-26T14:28:53Z
284,Escape (Flukt),Action|Drama,Bergstrom Group,1982-10-04T00:56:48Z
285,"Inbetweeners 2, The",Comedy,Jacobs-Goodwin,1980-01-23T12:04:05Z
286,Heartbeats (Kohtaamisia),Comedy|Drama,"Balistreri, Reinger and Skiles",1973-08-23T12:10:51Z
287,"Wedding Song, The ",Drama|War,Hagenes and Sons,2019-02-12T12:35:03Z
288,Mimic: Sentinel,Horror|Sci-Fi|Thriller,"Beatty, Denesik and Morissette",1973-10-15T17:30:31Z
289,Salaam Bombay!,Drama,Brown-Tillman,1979-08-03T08:31:03Z
290,"Year of the Yao, The",Documentary,Torp-Turner,1998-05-30T19:20:17Z
291,"Octagon, The",Action,Greenholt-O'Hara,1976-04-05T02:35:20Z
292,"Speed Of Thought, The",Sci-Fi|Thriller,Hudson Group,1973-11-10T10:49:30Z
293,Getting Any? (Minnâ-yatteruka!),Comedy,Kunde Group,2017-01-06T15:12:30Z
294,Plaza Suite,Comedy,"Schroeder, Toy and Bergnaum",2020-06-05T05:25:06Z
295,Lay the Favorite,Comedy,Tromp-Schimmel,2007-07-31T18:39:06Z
296,Police,Comedy,Miller LLC,2016-11-10T08:13:34Z
297,Of Mice and Men,Drama,"Wisoky, Pacocha and Conn",2019-09-20T21:10:31Z
298,Devil's Knot,Crime|Drama|Thriller,"Gutkowski, Feest and Goldner",1997-11-22T20:18:02Z
299,"Pixar Story, The",Documentary,Wisoky-McKenzie,2011-08-02T08:58:07Z
300,Unspeakable Acts ,Drama,"Batz, Jast and Shields",1997-05-25T16:48:28Z
301,Barnyard: The Original Party Animals,Animation|Children|Comedy,"Ondricka, Beatty and Donnelly",2016-09-22T11:19:28Z
302,Storm,Drama,Beer-Treutel,1981-09-29T17:18:06Z
303,"Dirty Shame, A",Comedy,Zemlak LLC,2013-08-15T05:12:11Z
304,Eaten Alive,Horror,Nitzsche LLC,1981-01-18T21:50:40Z
305,Amador,Drama,Gerlach Inc,1971-02-03T00:50:41Z
306,Red White & Blue,Drama|Mystery|Romance,Mraz-White,2013-03-13T23:39:20Z
307,8 Mile,Drama,"Huels, Rosenbaum and Koss",1987-10-09T04:12:28Z
308,"Guns, Girls and Gambling",Crime|Thriller,Orn LLC,2018-11-05T07:52:39Z
309,Eddie and the Cruisers II: Eddie Lives!,Drama|Musical,"Beer, Krajcik and Bode",1981-05-16T20:19:24Z
310,"Longest Day, The",Action|Drama|War,Dare Inc,1976-12-31T11:59:51Z
311,Big Wednesday,Comedy|Drama,Hartmann-Huels,1973-03-23T14:24:52Z
312,Donkey Punch,Horror|Thriller,"Herman, Prosacco and Conroy",1986-02-11T14:37:05Z
313,Junior Prom,Documentary,Hagenes Group,1995-05-08T17:13:20Z
314,Thieves Like Us,Crime|Drama|Romance,"Hegmann, Gutkowski and Farrell",2017-07-09T06:55:12Z
315,Puppet Master II,Horror|Sci-Fi|Thriller,"Senger, Blanda and MacGyver",2014-04-02T23:18:37Z
316,Planet of the Apes,Action|Adventure|Drama|Sci-Fi,Sanford-Hickle,1995-03-23T15:42:31Z
317,Paris Trout,Drama,"Reilly, Homenick and Blanda",1978-05-29T23:46:53Z
318,"Seventh Seal, The (Sjunde inseglet, Det)",Drama,Wolf Group,1972-08-20T22:45:52Z
319,Call Her Savage,Drama,"Bernier, Dooley and Konopelski",1988-09-08T20:35:19Z
320,When Willie Comes Marching Home,Comedy|War,"Littel, O'Reilly and Kreiger",1995-06-22T01:31:30Z
321,Mother,Comedy,Schmeler Inc,1997-11-11T23:53:24Z
322,Live Wire,Action,Haley-Bradtke,1972-05-20T16:24:27Z
323,Bottle Rocket,Adventure|Comedy|Crime|Romance,Murphy-Torp,2004-04-22T05:26:03Z
324,The Student,Comedy|Romance,Greenholt Inc,1985-09-23T20:35:45Z
325,Never Say... Never! (Il ne faut jurer... de rien!),Comedy,Gusikowski LLC,2004-11-02T18:57:20Z
326,Stingray Sam,Comedy|Musical|Sci-Fi|Western,"Jast, Schimmel and Ortiz",1970-01-06T12:00:07Z
327,Temptation of a Monk (You Seng),Action|Adventure|Drama|Romance,"Tromp, Feil and Funk",2019-06-06T02:46:51Z
328,American Grindhouse,Documentary,Hintz Inc,1978-10-04T15:16:36Z
329,Mysterious Mr. Moto,Crime|Drama|Mystery,"Waelchi, Nikolaus and Swift",2013-09-18T17:34:52Z
330,Earth,Documentary,Gottlieb-Rutherford,2016-07-09T20:05:27Z
331,The Frame,Crime|Drama|Fantasy|Romance|Thriller,"Ferry, Glover and Braun",2005-08-15T00:31:10Z
332,"Rookie, The",Action|Comedy|Thriller,Rolfson Group,1981-06-30T07:07:45Z
333,Tribes,Drama,Cruickshank-Trantow,2009-01-14T07:09:51Z
334,Belphecor: Curse of the Mummy (Belphégor - Le fantôme du Louvre),Fantasy|Horror|Mystery,Rohan LLC,1971-01-09T08:48:41Z
335,Wild Card,Crime|Drama|Thriller,Howell-Wilkinson,1974-07-24T00:51:41Z
336,Enquiring Minds: The Untold Story of the Man Behind the National Enquirer,Documentary,"Howell, White and Spencer",1986-04-02T16:49:01Z
337,"Red and the White, The (Csillagosok, katonák)",Drama|War,Hackett Inc,1974-11-24T21:39:43Z
338,"Safety of Objects, The",Drama,Boyer-Schumm,1989-09-03T14:48:41Z
339,Before Your Eyes (Min Dit: The Children of Diyarbakir),Drama,Adams-Effertz,1983-07-03T13:05:35Z
340,Perfect Stranger,Crime|Drama|Mystery|Thriller,"Baumbach, Kunde and Hoeger",2010-10-11T04:21:16Z
341,Mona Lisa Smile,Drama|Romance,Gerhold Group,1972-10-03T18:25:27Z
342,Salaam Bombay!,Drama,"Gaylord, Friesen and Schaefer",1985-03-19T05:22:30Z
343,What a Way to Go!,Comedy|Musical|Romance,O'Kon Group,2001-05-20T00:12:10Z
344,Scattered Clouds (Midaregumo),Drama,"Tremblay, Gleason and Reichel",1995-12-22T07:16:22Z
345,Chameleon (Kaméleon),Comedy|Drama|Thriller,"Schultz, Champlin and Kutch",1976-04-10T22:46:09Z
346,Paying the Price: Killing the Children of Iraq,Documentary,Smith LLC,2013-12-19T14:32:48Z
347,My Brother Is an Only Child (Mio fratello è figlio unico),Comedy|Crime|Drama,Kerluke-Kris,2002-07-31T06:48:46Z
348,Liverpool,Drama,"Lebsack, Rolfson and Legros",1991-09-15T02:21:11Z
349,Dark Angel (I Come in Peace),Action|Horror|Sci-Fi|Thriller,Little LLC,1998-12-21T20:23:51Z
350,Gunless,Action|Comedy|Drama|Western,Rowe and Sons,1996-05-11T05:24:23Z
351,Mariage à Mendoza,Comedy|Drama,Borer Group,1987-01-25T01:06:51Z
352,Superman II,Action|Sci-Fi,"Kuhn, McKenzie and Altenwerth",1975-09-20T14:40:26Z
353,Up in Arms,Comedy|Musical,"Pouros, Auer and Bogisich",1972-05-21T16:08:55Z
354,New Orleans Uncensored,Crime|Drama|Film-Noir|Thriller,"Torp, Howe and Douglas",1994-11-01T00:12:22Z
355,Jerry Springer: Ringmaster,Comedy|Drama,Medhurst-Trantow,2013-05-24T10:17:24Z
356,Tokyo Twilight (Tôkyô boshoku),Drama,Fadel LLC,1998-10-25T07:50:30Z
357,"King Is Dead!, The",Comedy|Drama|Thriller,"Runolfsson, Schuppe and Legros",1998-09-17T22:07:49Z
358,"Kid Brother, The",Children|Comedy|Romance,Waters Inc,1976-10-15T11:43:26Z
359,Barricade,Horror|Thriller,Larson Group,1989-09-06T15:18:21Z
360,Are You Here,Comedy,"Brekke, Jast and Durgan",1999-07-27T09:41:16Z
361,Secret Things (Choses secrètes),Drama,Mohr-Simonis,1984-09-24T22:45:57Z
362,Garfield: A Tail of Two Kitties,Animation|Children|Comedy,"Keeling, Sawayn and Huels",2010-01-18T09:09:08Z
363,Saboteur,Mystery|Thriller,"Zulauf, Tremblay and Hessel",1985-06-02T16:22:18Z
364,Evil Toons,Comedy|Horror,"Dietrich, Zemlak and Feest",2004-03-08T22:48:41Z
365,Higher and Higher,Comedy|Musical|Romance,Stokes Group,2014-05-01T09:07:29Z
366,Shadowing the Third Man,Documentary,Aufderhar Group,2008-03-12T10:38:53Z
367,Diary of the Dead,Horror|Sci-Fi,"Wiza, Paucek and Ankunding",2010-12-04T22:36:09Z
368,Sgt. Bilko,Comedy,"Corwin, Cronin and Veum",2019-02-26T05:09:07Z
369,Cypher,Action|Sci-Fi|Thriller,Legros-Schmitt,2004-06-26T17:04:53Z
370,Heavyweights (Heavy Weights),Children|Comedy,"Monahan, Towne and Becker",1978-05-11T04:20:26Z
371,Armour of God II: Operation Condor (Operation Condor) (Fei ying gai wak),Action|Adventure|Comedy,Olson Group,1971-07-09T23:12:57Z
372,Broom-Stick Bunny,Animation|Children|Comedy,Marquardt Inc,1994-08-10T23:46:22Z
373,Mahogany,Drama|Romance,Kuhlman Inc,2016-06-06T10:26:36Z
374,"Kid, The",Comedy|Drama,Kub-Kunze,1976-09-29T10:12:41Z
375,"North Star, The",Drama|Musical|Romance|War,Fritsch-Jakubowski,2018-01-25T14:15:16Z
376,Ice Bound,Drama,"Jerde, Lubowitz and Maggio",2019-10-17T16:09:40Z
377,Infernal Affairs III (Mou gaan dou III: Jung gik mou gaan),Action|Crime|Drama|Thriller,"Johns, Connelly and Legros",1978-11-19T13:04:54Z
378,Executive Target,Action|Adventure|Crime|Thriller,"Lang, Lehner and Walsh",1993-09-15T18:23:39Z
379,Last of the Dogmen,Adventure|Western,Witting and Sons,2017-08-05T06:53:30Z
380,"Institute Benjamenta, or This Dream People Call Human Life",Drama,Jacobi LLC,1998-12-04T02:03:34Z
381,Jackass 3.5,Comedy|Documentary,Keeling-Paucek,2016-02-20T09:34:27Z
382,Barney's Version,Drama,"Gusikowski, Veum and Hoppe",1974-05-14T07:43:07Z
383,Kung Phooey!,Comedy,Schaefer-Keeling,1996-10-31T17:55:15Z
384,I'm Crazy About Iris Blond,Comedy|Romance,Runolfsdottir Inc,1997-09-12T02:46:03Z
385,Day of Anger (I giorni dell'ira),Western,"Jacobson, Sipes and Sanford",1980-07-20T02:09:15Z
386,Lost in Austen,Drama|Fantasy|Romance|Sci-Fi,"Stanton, Johnson and Upton",1970-12-26T19:57:50Z
387,"Tiger of Eschnapur, The (Tiger von Eschnapur, Der)",Adventure|Romance,Upton Inc,1992-03-06T15:52:08Z
388,Regret to Inform,Documentary,Spencer Group,2016-06-05T17:33:57Z
389,"Adventurer, The",Comedy,O'Conner and Sons,1989-06-12T03:51:29Z
390,"Gay Bed and Breakfast of Terror, The",Comedy|Horror,Kemmer-O'Kon,1995-12-19T01:04:45Z
391,Blade II,Action|Horror|Thriller,Halvorson LLC,1980-04-09T01:56:25Z
392,Piranhaconda,Horror|Sci-Fi,Reynolds-Hessel,1970-12-15T21:06:36Z
393,Geronimo: An American Legend,Drama|Western,Terry-Rau,1998-01-30T17:17:58Z
394,Divided We Fall (Musíme si pomáhat),Comedy|Drama,Blanda Group,1986-10-15T19:07:15Z
395,Latitudes,Drama|Romance,"Wyman, Parisian and Bosco",1984-12-20T15:45:51Z
396,Saw,Horror|Mystery|Thriller,Bergnaum Inc,2003-12-21T01:34:06Z
397,Unstoppable,Action|Drama|Thriller,"Fisher, Kris and Reichert",1989-01-23T20:12:25Z
398,"Kite Runner, The",Drama,Rogahn-Roob,1985-12-29T06:20:43Z
399,"Irene, Go Home! (Irena do domu!)",Comedy,Hodkiewicz-Blanda,1996-01-05T19:44:32Z
400,American Gangster,Crime|Drama|Thriller,Schneider-Price,1992-05-03T20:29:45Z
401,Son of the Pink Panther,Comedy,Gaylord LLC,2013-01-15T02:38:25Z
402,Salmon Fishing in the Yemen,Comedy|Drama|Romance,"Schuster, Sanford and Douglas",1975-01-10T05:31:52Z
403,Trapped in Paradise,Comedy|Crime,Cassin and Sons,1990-01-06T06:40:50Z
404,Death Wish 3,Action|Drama,"Quitzon, Kling and Kautzer",1999-01-18T10:27:54Z
405,Jacques Brel Is Alive and Well and Living in Paris,Musical,Kunde and Sons,1992-04-14T21:30:12Z
406,Wuthering Heights,Drama|Romance,"Larkin, Nitzsche and Littel",1979-03-07T12:47:32Z
407,Hello Again,Comedy,"Rowe, Senger and Macejkovic",1979-11-16T06:17:57Z
408,Marlowe,Crime|Drama|Mystery,Homenick Group,1982-05-17T15:02:12Z
409,Miss Sweden (Fröken Sverige),Drama,"Sanford, Sauer and Schroeder",2001-08-25T23:54:13Z
410,"Fearless Freaks, The",Documentary|Musical,Swift Group,2002-11-12T05:04:54Z
411,Calendar Girl,Comedy|Drama,"McClure, Hermiston and Steuber",2001-10-13T21:55:08Z
412,Lost in Beijing (Ping guo),Drama,Tremblay-Schuppe,1984-09-29T11:42:09Z
413,Curly Top,Children|Musical|Romance,Stokes and Sons,1991-12-20T00:25:36Z
414,Time Changer,Drama|Sci-Fi,Denesik-Krajcik,1995-09-09T15:10:00Z
415,One Week,Comedy,"Wiegand, MacGyver and Schultz",1978-01-02T03:42:00Z
416,Truly Human (Et rigtigt menneske),Drama,Padberg-Altenwerth,2014-02-17T23:19:03Z
417,Samaritan Zatoichi (Zatôichi kenka-daiko) (Zatôichi 19),Action|Adventure|Drama,Thompson-Mohr,1981-11-12T00:42:11Z
418,TiMER,Comedy|Drama|Fantasy|Romance,Harris-Batz,1980-12-23T14:24:42Z
419,Maniac,Crime|Horror|Mystery|Romance|Thriller,Leffler Group,2020-03-09T09:31:20Z
420,Summer Rental,Comedy,Thiel LLC,1992-06-03T04:05:53Z
421,Very Bad Things,Comedy|Crime,Shanahan LLC,1971-02-11T16:28:53Z
422,Missing William,Drama,Doyle and Sons,1989-11-14T06:43:28Z
423,Outrageous Fortune,Comedy|Mystery,Sipes LLC,2009-12-16T19:56:38Z
424,Seven Years Bad Luck,Comedy,Mante LLC,1988-10-11T03:36:31Z
425,Dragon ball Z 04: Lord Slug,Animation|Children,"Leffler, Greenholt and Lesch",1986-01-04T17:51:01Z
426,"World of Kanako, The (Kawaki.)",Crime|Drama|Mystery,Rippin and Sons,1978-02-05T20:14:33Z
427,Adrift (Choi Voi),Drama,Kovacek-Hayes,2013-03-24T15:02:54Z
428,World on a Wire (Welt am Draht),Crime|Sci-Fi,Roob-Maggio,1973-11-18T02:55:33Z
429,Two Men Went to War,Comedy|War,"Kovacek, Wehner and Dare",2004-03-18T01:22:42Z
430,Dark Alibi,Crime|Drama|Mystery|Thriller,Howell-Effertz,2000-02-19T20:48:30Z
431,"Temp, The",Drama|Thriller,Orn and Sons,2014-03-20T19:08:13Z
432,Whisper,Crime|Drama|Horror|Thriller,"Leannon, Kuhic and Boyer",2014-02-27T22:36:51Z
433,"Barber, The",Crime|Horror|Mystery|Thriller,"Hagenes, Ullrich and Bauch",2006-05-02T13:48:21Z
434,In a Lonely Place,Drama|Film-Noir|Mystery|Romance,"Gulgowski, Kohler and Abbott",1974-06-17T18:40:24Z
435,"I Am My Films - A Portrait of Werner Herzog (Was ich bin, sind meine Filme)",Documentary,"Mante, Heidenreich and Boyle",1998-02-08T11:50:00Z
436,Dune,Drama|Fantasy|Sci-Fi,Kub-Gleichner,1986-07-12T06:24:17Z
437,"Color of Paradise, The (Rang-e khoda)",Drama,"Kuphal, Kling and Grant",1993-07-07T06:03:13Z
438,"Simple-Minded Murder, The (Enfaldige mördaren, Den)",Drama,Roberts-Okuneva,1993-02-13T03:25:18Z
439,Walk the Line,Drama|Musical|Romance,"McCullough, Wuckert and Kirlin",2014-11-14T05:14:22Z
440,I Always Wanted to Be a Gangster (J'ai toujours rêvé d'être un gangster),Comedy|Crime|Drama,Kovacek-Hintz,2004-07-10T14:32:12Z
441,"Babe, The",Drama,"Klocko, McKenzie and Stanton",2009-10-30T14:20:50Z
442,Big Bad Wolf,Comedy|Horror,Waelchi-Herzog,2000-11-23T03:54:40Z
443,Tony,Drama|Horror|Thriller,Howe LLC,1983-10-14T21:45:14Z
444,"Wayward Bus, The",Drama,Zieme-Turner,2009-04-24T02:02:12Z
445,"Girlfriend Experience, The",Drama,"Ullrich, Skiles and Schinner",1971-11-12T09:19:50Z
446,"Flamingo Kid, The",Comedy|Drama,"Hintz, Grimes and Gerhold",2002-05-14T08:53:34Z
447,Summer of the Monkeys,Children|Drama,"Dach, McLaughlin and Hand",1982-02-07T21:35:57Z
448,Wanderlust,Comedy,Lakin-Boyle,2001-01-18T01:24:07Z
449,The Fourth War,Drama|Thriller,"Gaylord, Pfeffer and Koepp",2017-01-09T15:01:44Z
450,"Edukators, The (Die Fetten Jahre sind vorbei)",Comedy|Crime|Drama|Romance,Collins LLC,2007-01-07T11:41:06Z
451,Killer Movie,Comedy|Horror|Mystery|Thriller,Windler-Hane,2017-12-30T03:44:48Z
452,After Hours,Comedy|Thriller,Pagac-Schuster,1998-08-11T04:12:57Z
453,"Pillow Book, The",Drama|Romance,Schroeder-McGlynn,1998-07-22T06:21:04Z
454,Inside Deep Throat,Documentary,Cruickshank LLC,2009-01-05T15:19:33Z
455,"Talking Picture, A (Um Filme Falado)",Comedy|Drama|War,Sawayn-Pouros,1987-02-19T02:10:59Z
456,From Hell It Came,Horror,"Hyatt, Daugherty and Mitchell",1987-02-20T21:55:38Z
457,Vampires Suck,Comedy,Johnson-Brown,1990-07-05T22:34:23Z
458,"People Under the Stairs, The",Horror|Mystery|Thriller,"Howell, Feest and Gusikowski",2012-07-09T03:13:30Z
459,"Chicken, the Fish and the King Crab, The (El pollo, el pez y el cangrejo real)",Documentary,D'Amore Group,1985-10-15T16:37:28Z
460,"Forgiveness of Blood, The (Falja e gjakut)",Drama,Jenkins and Sons,2003-10-23T23:00:32Z
461,"Mystery of the Third Planet, The (Tayna tretey planety)",Adventure|Animation|Sci-Fi,Roberts and Sons,1973-05-20T01:49:20Z
462,Iron Sky,Action|Comedy|Sci-Fi,Johnston LLC,1987-02-21T07:53:11Z
463,Front Page Woman,Comedy|Romance,Bergnaum-Rowe,1978-09-29T05:17:49Z
464,"Enchanted Cottage, The",Drama|Romance,Krajcik-Kling,1985-11-10T17:42:38Z
465,Novo,Drama,Doyle Inc,1971-06-22T21:31:53Z
466,Kagi (Odd Obsession),Drama,"Jakubowski, Brakus and Hirthe",1972-12-23T10:20:31Z
467,Lust for Life,Drama,Hagenes and Sons,2001-07-09T12:02:40Z
468,"Life and Death of Colonel Blimp, The",Drama|Romance|War,Mayer and Sons,2014-05-22T19:09:15Z
469,Bliss,Drama|Romance,"Luettgen, Mante and Spinka",2002-03-06T14:22:50Z
470,Once You're Born You Can No Longer Hide (Quando sei nato non puoi più nasconderti),Adventure|Drama,McKenzie Group,2006-03-12T00:32:14Z
471,Baxter,Drama|Horror,Hahn-Hansen,1996-02-08T20:30:01Z
472,Concrete Night (Betoniyö),Drama,"Hand, Beahan and Grady",2009-09-18T02:12:32Z
473,Knuckle ,Documentary,Wisoky-Gusikowski,1992-04-20T16:30:28Z
474,The Hire: Ambush,Action,Lubowitz-Ankunding,1982-05-15T05:09:51Z
475,Three on a Weekend,Drama,"Goodwin, Abshire and Reynolds",2000-11-11T04:28:48Z
476,"Have Dreams, Will Travel",Drama|Romance,Abshire-Ritchie,1971-03-17T06:55:11Z
477,Forbidden Games (Jeux interdits),Drama|War,Walsh-Friesen,1982-07-17T21:26:02Z
478,Deadly Circuit (Mortelle randonnée),Crime|Mystery|Thriller,Kuhic-Pagac,1979-02-25T09:22:05Z
479,Fuhrer Ex (Führer EX),Drama,Hand LLC,2000-06-09T09:34:14Z
480,Annie Hall,Comedy|Romance,Botsford-Huel,2008-03-29T17:36:15Z
481,Of Human Bondage,Drama,"Gerhold, Hammes and Schaefer",1987-11-26T22:21:45Z
482,"Act in Question, The (Acto en cuestión, El)",Drama,Crist LLC,1973-09-29T19:43:37Z
483,"3, 2, 1... Frankie Go Boom (Frankie Go Boom)",Comedy,Labadie-Muller,2004-11-15T16:53:05Z
484,"Lizard, The (Marmoulak)",Adventure|Comedy|Crime,Streich-Corkery,2004-03-05T08:05:40Z
485,Ruhr,Documentary,"Turcotte, Rempel and Goodwin",1990-06-16T08:14:46Z
486,Hart's War,Drama|War,Pfannerstill Inc,1992-01-26T09:11:31Z
487,Connie and Carla,Comedy,Nienow-Wilderman,1994-10-15T16:48:50Z
488,Warriors of Virtue,Action|Adventure|Children|Fantasy,Kessler Inc,1971-10-18T21:40:41Z
489,"Avenging Conscience, The",Drama|Horror,Ernser-Okuneva,1977-12-10T11:08:55Z
490,Grandma's Boy,Comedy,O'Kon LLC,2010-06-23T16:17:38Z
491,Dances Sacred and Profane,Documentary,Rowe LLC,1995-10-30T12:21:39Z
492,Dim Sum: A Little Bit of Heart,Comedy,Grant-Bayer,1971-04-03T11:38:33Z
493,Taming the Fire (Ukroshcheniye ognya),Documentary|Drama|Sci-Fi,Cronin-Leuschke,2015-11-24T00:14:22Z
494,"Tale of Two Cities, A",Drama|Romance,Cronin Inc,2020-06-29T15:00:59Z
495,Jesse James,Action|Crime|Drama|Romance|Western,"Johnston, Dickinson and Robel",2015-01-29T15:34:48Z
496,American Strays,Action,Murray LLC,1981-11-11T01:23:58Z
497,"Girl, Positive",Drama,Wolf Inc,1995-02-16T20:54:03Z
498,"Girl in the Red Velvet Swing, The",Crime|Drama|Romance,Runolfsson Inc,1975-04-11T18:46:13Z
499,Yentl,Drama|Musical|Romance,Fritsch Group,1988-09-07T18:18:50Z
500,Jim Norton: Please Be Offended,Comedy,Runte and Sons,2003-02-26T03:17:17Z
501,Men Seeking Women,Comedy,"Sawayn, Klocko and Bogan",2000-09-20T09:02:55Z
502,Painless (Insensibles) ,Fantasy|Horror|Mystery|War,Jenkins-Cummings,1986-10-25T14:46:46Z
503,The Butterfly Effect 2,Adventure|Drama|Romance|Sci-Fi|Thriller,Cassin and Sons,1976-01-31T05:58:27Z
504,Madman,Horror,"Prohaska, Legros and Wiza",1998-04-27T09:59:37Z
505,Snake-Crane Secret (She hao dan xin zhen jiu zhou),Action|Drama,Gottlieb LLC,1999-09-14T02:29:40Z
506,Sons of the Desert,Comedy,Strosin-Ferry,1998-12-11T02:04:40Z
507,Solyaris,Drama|Sci-Fi,Bartell Inc,2013-02-05T00:23:46Z
508,Desperate Measures,Crime|Drama|Thriller,White LLC,2000-12-22T15:15:16Z
509,Outlaw of Gor,Action|Fantasy|Sci-Fi,Zieme Inc,2010-12-11T20:01:52Z
510,"Frogmen, The",Adventure|Drama|War,"Hartmann, Gleason and Volkman",1985-04-23T06:53:13Z
511,Stone of Destiny,Adventure|Comedy|Crime|Drama,Cole LLC,1990-01-02T06:31:03Z
512,Sleuth,Comedy|Mystery|Thriller,Hane-Huels,1979-03-24T06:16:26Z
513,"Forever, Darling",Comedy|Fantasy,Waelchi-Goyette,2011-09-20T06:32:56Z
514,Black Rain (Kuroi ame),Drama|War,Ferry Inc,1971-04-27T23:21:45Z
515,"Manta, Manta",Comedy,"Walsh, Brown and Predovic",1974-08-28T03:52:32Z
516,Cheaper by the Dozen,Children|Comedy,Baumbach Group,1990-05-08T17:10:48Z
517,Brewster's Millions,Comedy,Stoltenberg-Cummerata,1976-05-01T01:47:00Z
518,"World According to Dick Cheney, The ",Documentary,"Schinner, Wilkinson and Ziemann",2016-06-07T02:17:10Z
519,Hedgehog in the Fog,Animation,"Aufderhar, Mann and Cartwright",1994-11-02T01:19:32Z
520,Supercop 2 (Project S) (Chao ji ji hua),Action|Comedy|Crime|Thriller,Schoen LLC,1991-06-09T19:11:18Z
521,Idiocracy,Adventure|Comedy|Sci-Fi|Thriller,"Rutherford, Smitham and Vandervort",2001-07-04T11:13:08Z
522,Forty Guns,Drama|Western,Hayes-Turcotte,2002-11-23T01:14:36Z
523,Sudden Impact,Crime|Thriller,"Barrows, Jerde and Stamm",2009-03-09T10:02:25Z
524,Winter of Discontent,Drama,Green-Smitham,1991-01-08T07:41:28Z
525,"Beautiful Mind, A",Drama|Romance,Fahey Group,2006-02-01T20:48:33Z
526,God's Puzzle (Kamisama no pazuru),Drama|Sci-Fi,"Hoeger, Sanford and Mitchell",1982-04-24T22:25:02Z
527,"Picture of Dorian Gray, The",Drama|Fantasy|Horror,Wehner and Sons,1994-10-22T15:05:28Z
528,"Karate Kid, Part II, The",Action|Adventure|Drama,Schultz-Kunze,1982-10-06T09:12:57Z
529,Dirty Ho (Lan tou He),Action|Drama,Okuneva-Senger,1981-02-21T00:09:22Z
530,Gendernauts,Documentary,Gerhold Group,2008-05-13T16:49:20Z
531,My Wife is an Actress (Ma Femme est une Actrice),Comedy|Drama|Romance,Herman Group,1980-06-13T22:05:38Z
532,Mister Roberts,Comedy|Drama|War,"Braun, Senger and Spencer",1985-03-26T22:31:17Z
533,"Skylab, Le",Comedy|Drama,Little-Goodwin,1984-04-27T00:42:44Z
534,Loaded,Action|Crime|Drama|Thriller,"Marks, Reichel and Tremblay",2003-06-14T01:32:00Z
535,Flatliners,Horror|Sci-Fi|Thriller,Schultz and Sons,2012-08-17T15:30:24Z
536,Intervista,Comedy|Drama,Grant-Hane,2002-05-21T12:26:53Z
537,The Arrival of Wang,Mystery|Sci-Fi|Thriller,"Ziemann, Hyatt and Jones",1982-11-07T23:45:59Z
538,May 6th (06/05),Drama|Thriller,Buckridge-Wuckert,2013-05-10T15:10:17Z
539,Lenny Bruce: Swear to Tell the Truth,Documentary,"O'Keefe, Anderson and Pagac",1970-07-09T11:32:52Z
540,American Grindhouse,Documentary,Langworth-Greenfelder,2007-09-16T08:39:16Z
541,"Cranes Are Flying, The (Letyat zhuravli)",Drama|Romance|War,Bruen and Sons,1992-03-19T06:30:54Z
542,Extreme Measures,Drama|Thriller,"Parker, Kshlerin and Smith",2013-01-05T03:22:31Z
543,Little Fockers,Comedy,"Luettgen, Veum and Will",2007-06-04T00:26:29Z
544,Whip It,Comedy|Drama,Lind-Rice,1990-01-24T18:41:25Z
545,Alan Partridge: Alpha Papa,Comedy,Steuber-Cronin,2001-03-02T05:58:14Z
546,"Naked Gun 2 1/2: The Smell of Fear, The",Comedy,Tremblay-Bernhard,1993-01-23T22:35:13Z
547,"Late Great Planet Earth, The",Documentary|Drama,"Marks, Koepp and Stark",2018-06-07T22:05:55Z
548,Fear City: A Family-Style Comedy (La cité de la peur),Comedy,Schuster and Sons,1994-04-22T17:49:02Z
549,Sherlock Holmes: A Game of Shadows,Action|Adventure|Comedy|Crime|Mystery|Thriller,McLaughlin LLC,1980-03-09T00:22:27Z
550,Terror is a Man,Horror|Sci-Fi,Donnelly Group,1988-01-28T12:46:34Z
551,Girl with a Pearl Earring,Drama|Romance,West-Weimann,1977-09-30T09:42:03Z
552,From the Earth to the Moon,Action|Documentary|Drama|Thriller,"Goyette, Skiles and Brekke",2001-05-02T04:34:49Z
553,Back Door to Hell,Drama|War,"Anderson, Kirlin and Farrell",1994-02-15T03:07:28Z
554,Two Lovers,Drama|Romance,Kovacek Inc,2017-02-12T02:55:54Z
555,Sharktopus,Action|Horror|Sci-Fi,Cole-O'Kon,1979-07-24T00:34:52Z
556,Fellini's Casanova (Il Casanova di Federico Fellini),Drama|Romance,Schumm-Boyer,2002-03-03T22:10:05Z
557,Conspiracy,Action|Drama|Mystery|Thriller|War,Little-Kassulke,1991-10-12T15:07:56Z
558,Treasure Planet,Adventure|Animation|Children|Sci-Fi|IMAX,"Terry, Jast and Gerhold",1979-06-12T22:13:29Z
559,Too Big to Fail,Drama,Grant Group,2017-10-11T22:34:02Z
560,Journey to Italy (Viaggio in Italia) (Voyage to Italy) (Voyage in Italy),Drama|Romance,"Buckridge, Thompson and Cronin",1990-07-21T22:40:09Z
561,Beau Geste,Action|Adventure|Drama|War,"Pfeffer, Hoeger and Predovic",1999-10-31T00:31:25Z
562,Even Angels Eat Beans,Action|Comedy|Crime,"Leannon, Stiedemann and Ullrich",1975-05-22T16:20:59Z
563,Jim Gaffigan: Mr. Universe,Comedy,"Wilderman, Greenfelder and Mraz",1973-08-03T06:38:00Z
564,Phat Girlz,Comedy,Metz-Volkman,1975-08-01T23:00:59Z
565,"Cuckoo, The (Kukushka)",Comedy|Drama|War,"DuBuque, Weimann and Welch",1986-10-05T07:48:53Z
566,"Kremlin Letter, The",Drama|Thriller,VonRueden-Prosacco,1985-01-10T18:24:15Z
567,Naked Gun 33 1/3: The Final Insult,Action|Comedy,Kuhlman LLC,1980-09-05T15:29:29Z
568,Time of the Gypsies (Dom za vesanje),Comedy|Crime|Drama|Fantasy,Reilly and Sons,2011-10-05T20:04:37Z
569,Basket Case 2,Comedy|Horror,Becker-Sipes,2005-02-08T19:07:16Z
570,Fright Night Part II,Horror,Leffler LLC,1991-06-18T13:01:54Z
571,Tango,Animation,Frami Inc,1984-08-17T14:01:21Z
572,On the Outs,Drama,"Schuster, Herman and Schowalter",2018-03-11T12:50:48Z
573,Sympathy for Mr. Vengeance (Boksuneun naui geot),Crime|Drama,"Rosenbaum, Little and Heller",1985-02-04T22:56:45Z
574,My Blueberry Nights,Drama|Romance,Brekke Group,2000-03-28T03:38:35Z
575,Charlotte's Web,Children|Comedy|Drama|Fantasy,Flatley-Harvey,2004-10-14T08:21:58Z
576,Claustrofobia,Thriller,"Runolfsson, Mills and Bogisich",1981-05-12T11:34:14Z
577,Two Rabbits (2 Coelhos),Action,Durgan LLC,1994-12-08T00:36:32Z
578,Happy Together (a.k.a. Buenos Aires Affair) (Chun gwong cha sit),Drama|Romance,"Champlin, Beer and Keebler",1979-10-11T05:30:35Z
579,"Ward, The",Horror|Thriller,Wyman Group,2003-06-02T13:59:13Z
580,Once Upon a Time in China (Wong Fei Hung),Action|Adventure|Drama,Schultz-Heller,1992-11-17T11:17:44Z
581,Bitter Sugar (Azúcar amarga),Drama,"Bergnaum, Abbott and Osinski",1977-02-26T20:49:30Z
582,Dreams That Money Can Buy,Fantasy,Cartwright-Nitzsche,1971-01-10T12:07:12Z
583,"Birth of a Nation, The",Drama|War,"Beier, Bernhard and Marquardt",1976-04-15T23:16:27Z
584,W.R.: Mysteries of the Organism,Comedy|Documentary,Waelchi-Prohaska,2017-08-14T15:22:11Z
585,Rounders,Drama,"Stark, Schumm and Koch",2004-06-28T11:29:20Z
586,Revenge for Jolly!,Comedy|Drama,Doyle-Hickle,1978-04-23T18:36:33Z
587,"Touch of Zen, A (Xia nu)",Action|Adventure,"Corwin, Runolfsdottir and Ziemann",1982-02-07T04:33:28Z
588,Sleuth,Drama|Mystery|Thriller,Schaefer and Sons,2019-10-29T05:06:04Z
589,"Experience, The (Tadjrebeh)",Drama,"Balistreri, Moen and Leannon",1978-12-20T20:57:40Z
590,Deep Cover,Action|Crime|Thriller,Larson LLC,2018-06-25T13:49:46Z
591,"Greater Promise, A (Iskateli Schastya)",Crime|Drama|Western,Lubowitz-Vandervort,2017-12-01T04:57:55Z
592,Dream Team 1935,Comedy|Drama,Bosco Inc,1989-10-18T03:58:15Z
593,Finding Nemo,Adventure|Animation|Children|Comedy,Ondricka-Flatley,2014-03-10T00:17:33Z
594,Super Demetrios,Adventure|Comedy|Sci-Fi,Collins Group,2020-01-25T04:40:32Z
595,"Eye, The (Gin gwai) (Jian gui)",Thriller,"Harris, Rippin and Harris",2019-12-16T12:21:17Z
596,Formula 51,Action|Comedy|Crime|Thriller,"Gottlieb, Jenkins and Schumm",1991-08-06T18:12:47Z
597,Long Day's Journey Into Night,Drama,Cummings-Sporer,2014-04-19T00:15:54Z
598,Gay Purr-ee,Animation|Children|Musical,Kunde and Sons,1993-09-27T23:04:37Z
599,"Heiress, The",Drama|Romance,Turner-Grant,1985-08-22T14:22:32Z
600,Fun with Dick and Jane,Comedy|Crime,Klein Inc,2007-08-04T19:28:10Z
601,Lady in Cement,Crime|Drama|Mystery|Thriller,"Jerde, Koch and Kub",2021-01-24T00:19:21Z
602,Return of the Living Dead 3,Horror|Romance|Sci-Fi,Cummings-Fahey,2008-11-24T05:46:53Z
603,La Soufrière - Warten auf eine unausweichliche Katastrophe,Documentary,Legros-Johnson,1984-06-24T09:29:45Z
604,"Wizard of Oz, The",Adventure|Children|Comedy|Fantasy,"Turcotte, Bogan and Lockman",1990-03-19T00:17:20Z
605,Isadora,Drama,Purdy Group,2004-11-03T11:32:22Z
606,Light Years (Gandahar),Adventure|Animation|Fantasy|Sci-Fi,Zieme-Wehner,1996-05-29T17:17:28Z
607,Family Guy Presents: Blue Harvest,Animation|Comedy,Quigley and Sons,1989-05-24T14:23:14Z
608,Norwegian Ninja,Action|Comedy,Rice Inc,1977-04-12T12:56:21Z
609,Viva Max!,(no genres listed),Ebert-Armstrong,1998-05-15T02:55:30Z
610,Thor: Tales of Asgard,Animation,Nader-Bradtke,1978-09-02T01:18:14Z
611,"Watch, The",Comedy|Sci-Fi,Schmitt LLC,1972-10-14T10:38:14Z
612,By the Pricking of My Thumbs (Mon petit doigt m'a dit...),Comedy|Mystery,Hermann Inc,1988-08-14T16:01:51Z
613,"Hireling, The",Drama,"Buckridge, Osinski and Dietrich",2020-06-25T19:42:28Z
614,"Legend of Bigfoot, The",Documentary,"Harris, Tremblay and Lueilwitz",2017-07-04T10:27:40Z
615,Cloak & Dagger,Action|Adventure|Children|Crime|Mystery|Thriller,Bergnaum-Trantow,2013-07-20T13:57:51Z
616,"Normal Heart, The",Drama,Legros-Schulist,2008-02-12T20:30:21Z
617,"Social Network, The",Drama,Koss and Sons,2013-12-26T12:48:19Z
618,Bandit: Bandit's Silver Angel (Smokey and the Bandit 7) (Bandit: Bandit and the Silver Angel),Comedy,Stracke-Schaefer,1998-05-26T00:25:18Z
619,It Happened at the World's Fair,Comedy|Drama|Musical,"Eichmann, Pollich and Cruickshank",1996-02-18T22:08:27Z
620,Ghosts of the Abyss,Documentary|IMAX,"Harris, Wintheiser and Champlin",2007-05-07T08:39:29Z
621,"Woman's Tale, A",Drama,Huel Group,1993-07-22T11:12:25Z
622,"Have Rocket, Will Travel",Comedy|Sci-Fi,Gaylord Inc,1986-07-25T19:17:04Z
623,Laurel Canyon,Drama,Zemlak-Mueller,1985-04-15T16:27:44Z
624,Middle of Nowhere,Comedy|Drama,Luettgen-Lynch,2019-11-08T06:33:46Z
625,American Zombie,Comedy|Horror,Herzog Inc,2005-08-04T04:43:12Z
626,Peter Pan,Action|Adventure|Children|Fantasy,Cummerata-Mitchell,1977-02-09T04:50:30Z
627,Born American,Action|Drama|Thriller,Kreiger-Gleichner,1975-02-11T18:38:15Z
628,Destiny in Space,Documentary|IMAX,Waelchi-Bednar,1993-06-05T08:23:06Z
629,Salvador (Puig Antich),Drama,"Skiles, Schuster and Pfeffer",2020-03-05T06:30:51Z
630,Pink Cadillac,Action|Comedy|Drama,Bednar-Davis,2014-11-03T13:01:32Z
631,Zatoichi on the Road (Zatôichi kenka-tabi) (Zatôichi 5),Action|Drama,Kiehn-Schiller,2009-06-16T14:13:26Z
632,All Together,Comedy|Drama,Ryan-Reinger,1982-03-31T19:24:51Z
633,Stand Off,Comedy|Drama,Rodriguez-Dickinson,2017-07-04T22:50:01Z
634,"Danse: The Paris Opera Ballet, La (La Danse - Le ballet de l'Opéra de Paris)",Documentary,"Pouros, Lynch and Mayer",1993-12-28T21:10:36Z
635,Trapped in the Closet: Chapters 1-12,Drama|Musical,Mitchell-Gerhold,2011-01-02T18:36:22Z
636,"Lady Takes a Chance, A",Comedy|Romance|Western,"Marvin, Murphy and O'Connell",1976-08-28T09:58:06Z
637,To Cross the Rubicon,Drama,Hyatt Group,1998-09-04T11:37:01Z
638,Dinner at Eight,Comedy|Drama|Romance,"Beer, Fadel and Hudson",2007-10-24T13:04:05Z
639,"Charming Mass Suicide, A (Hurmaava joukkoitsemurha)",Comedy,Kilback-Davis,1981-12-25T19:43:15Z
640,Bad Guy (Nabbeun namja),Drama,Metz-Veum,1979-03-21T22:48:49Z
641,Pulse,Action|Drama|Fantasy|Horror|Mystery|Sci-Fi|Thriller,Wehner Inc,1982-12-19T06:16:48Z
642,"Town Called Hell, A",Action|Comedy|Drama|Western,"Hand, Johns and Schneider",2004-10-28T19:05:31Z
643,"Illustrated Man, The",Sci-Fi,Gutmann-Zulauf,2010-10-29T07:17:14Z
644,Suur Tõll,(no genres listed),"Gaylord, Kutch and Schuppe",1982-04-24T20:28:45Z
645,Kabluey,Comedy|Drama,"Powlowski, Padberg and Bauch",1990-11-16T12:04:33Z
646,"Last King of Scotland, The",Drama|Thriller,Murazik Group,1994-06-01T10:50:14Z
647,Faith School Menace?,Documentary,"Reilly, Orn and Willms",2017-05-04T10:55:00Z
648,"Ambushers, The",Comedy|Sci-Fi|Thriller,"Lindgren, Hills and Wilkinson",1974-09-12T08:09:32Z
649,Moving Out,Drama,"Stanton, Turner and Frami",1977-09-11T13:18:13Z
650,Bertie and Elizabeth,Drama,Kozey-Stroman,1999-04-06T02:08:07Z
651,"Verlorene, Der (Lost One, The)",Crime|Drama|Thriller,"Koepp, Daniel and Harber",1998-12-02T17:18:54Z
652,Gertie the Dinosaur,Animation|Children|Comedy,"Gutkowski, Abbott and Huels",1995-07-01T23:53:44Z
653,My Bollywood Bride,Comedy|Drama|Romance,O'Kon LLC,2006-09-24T23:40:38Z
654,Singh Is Kinng,Action|Comedy|Crime|Romance,Cruickshank-Nader,2016-07-29T16:40:26Z
655,Bleach: Fade to Black (Bur&#299;chi Fade to Black Kimi no Na o Yobu),Animation,Okuneva-Sanford,2009-12-11T03:33:40Z
656,Investigation of a Citizen Above Suspicion (Indagine su un cittadino al di sopra di ogni sospetto),Crime|Drama|Thriller,Rippin LLC,1975-01-22T00:37:00Z
657,"Sound and the Fury, The",Drama|Romance,Funk Inc,2012-03-03T16:41:18Z
658,"Onion Field, The",Drama,"Toy, Hane and Harvey",1992-09-30T17:25:11Z
659,"Day's Pleasure, A (Ford Story, A)",Comedy,Dickens-Prosacco,2003-10-08T01:23:53Z
660,"Clockwork Orange, A",Crime|Drama|Sci-Fi|Thriller,"Witting, Johnston and Denesik",2020-05-23T02:35:12Z
661,King & Country,Drama|War,Heathcote LLC,2018-04-16T01:01:10Z
662,The Wicker Tree,Drama|Horror|Mystery|Thriller,Kohler-Cruickshank,1997-08-03T17:40:18Z
663,Resident Evil: Extinction,Action|Horror|Sci-Fi|Thriller,Graham-Lynch,1975-02-05T23:55:34Z
664,"Babe Ruth Story, The ",Drama,Osinski Inc,2001-08-08T04:25:42Z
665,"Legend of the 7 Golden Vampires, The",Action|Horror,Kilback-Kulas,1982-11-12T21:36:15Z
666,Bronies: The Extremely Unexpected Adult Fans of My Little Pony,Documentary,"Halvorson, Vandervort and Klocko",1985-02-15T03:29:56Z
667,Control,Drama,Gibson and Sons,1975-02-20T12:44:51Z
668,Barabbas,Drama,Pfannerstill-Harris,2018-09-02T16:48:55Z
669,Our Little Differences (Die feinen Unterschiede),Drama,"West, Oberbrunner and Fahey",1985-06-07T05:00:04Z
670,Love Exposure (Ai No Mukidashi),Action|Comedy|Drama|Romance,"DuBuque, Monahan and Kutch",1989-01-30T00:57:45Z
671,Holiday in Handcuffs,Comedy|Romance,"Hessel, Skiles and Emmerich",1980-09-28T22:03:02Z
672,"Handful of Dust, A",Drama,Rolfson and Sons,2008-09-01T17:10:18Z
673,Empire of Passion (a.k.a. In the Realm of Passion) (a.k.a. Phantom Love) (Ai No Borei),Crime|Drama|Romance,Daugherty Group,2014-11-30T21:46:41Z
674,"Stranger Within, The",Thriller,Lynch LLC,1994-07-28T12:17:31Z
675,Hero at Large,Comedy,Hoppe Inc,2012-05-24T16:54:28Z
676,Dangerous Liaisons,Drama|Romance,Olson-Hayes,1977-12-10T09:06:43Z
677,Make Them Die Slowly (Cannibal Ferox),Horror,Gerlach LLC,2014-03-31T08:53:57Z
678,Immigrants (L.A. Dolce Vita),Animation,Kertzmann-Zboncak,2013-11-07T10:31:39Z
679,Griffin & Phoenix,Comedy|Drama|Romance,Pollich LLC,1998-02-26T21:50:58Z
680,Tali-Ihantala 1944,Action|Drama|War,"Watsica, Blanda and Bins",2001-05-05T10:44:08Z
681,Bikini Spring Break (Revenge of the Nerds' Bikini Spring Break),Comedy,Legros-Hoeger,1993-10-22T07:09:43Z
682,"Ugly Truth, The",Comedy|Drama|Romance,Nikolaus Group,1974-01-30T20:17:07Z
683,Blitz,Action|Crime|Thriller,Jerde Group,1989-06-21T18:18:16Z
684,Alexandra (Aleksandra),Drama|War,Okuneva LLC,2010-11-23T03:11:47Z
685,Dummy,Comedy|Drama|Romance,"Mraz, Quitzon and Upton",1987-03-01T10:36:47Z
686,Oscar and Lucinda (a.k.a. Oscar & Lucinda),Drama|Romance,Gutmann Group,1993-06-01T18:22:43Z
687,Left Behind,Action|Sci-Fi|Thriller,Hammes-Schowalter,1972-06-27T22:11:49Z
688,"Bad News Bears in Breaking Training, The",Comedy,Hahn and Sons,2014-07-01T14:00:01Z
689,Red's Dream,Animation|Children,Moore and Sons,2004-03-12T16:05:37Z
690,Field of Dreams,Children|Drama|Fantasy,Parisian Group,1993-06-19T22:47:36Z
691,Il cappotto di legno,(no genres listed),"Konopelski, Bauch and Hirthe",2000-11-14T14:43:47Z
692,Shag,Comedy|Drama,Quitzon-Brakus,1975-06-17T04:10:56Z
693,"Ideal Husband, An",Comedy,Wintheiser-McCullough,2013-08-27T16:16:34Z
694,Juarez,Drama|Romance,Nitzsche Inc,1974-06-14T12:50:05Z
695,Young Winston,Adventure|Drama|War,Kuvalis LLC,2007-02-08T08:56:53Z
696,Eddie Murphy Delirious,Comedy|Documentary,Turner Inc,1990-09-07T20:27:52Z
697,House of Wax,Horror|Thriller,King-Gerhold,1997-07-17T06:31:16Z
698,Ghoulies III: Ghoulies Go to College,Comedy|Horror,Rosenbaum-Stark,2007-02-16T11:10:28Z
699,Seconds Apart ,Horror|Thriller,"Bednar, Ruecker and Wisozk",1975-04-01T11:08:27Z
700,"Horse Whisperer, The",Drama|Romance,"Boyle, Lehner and Braun",1993-06-05T06:01:58Z
701,"Boys from Brazil, The",Action|Mystery|Thriller,Ratke-West,2019-04-07T22:47:11Z
702,"Sweet Jesus, Preacherman",Action|Drama,Schinner LLC,1991-08-22T11:33:33Z
703,Love and Other Catastrophes,Romance,Hermiston-Reichert,1984-10-04T11:35:48Z
704,V,Drama|Sci-Fi,"Shields, Kohler and Conroy",1998-05-20T09:25:57Z
705,"Private Lives of Elizabeth and Essex, The",Drama|Romance,Powlowski-Bogan,2000-04-13T22:45:36Z
706,American Dreams in China,Comedy|Drama,"Lockman, Rippin and Gerlach",2015-01-10T01:39:16Z
707,Matti: Hell Is for Heroes (Matti),Comedy|Drama,Champlin-Hayes,1975-12-24T06:03:28Z
708,"American Astronaut, The",Comedy|Musical|Sci-Fi,Howe-Marvin,1983-11-16T05:39:45Z
709,"Next Step, The",Drama,Durgan-DuBuque,1987-10-22T16:10:35Z
710,Stop-Loss,Drama|War,Larkin Inc,1970-02-06T21:37:24Z
711,Big City Blues,Comedy|Drama,"Padberg, Flatley and Hessel",2005-02-02T20:53:15Z
712,Fear,Thriller,Gibson-Ledner,2001-04-03T09:06:39Z
713,Miller's Crossing,Crime|Drama|Film-Noir|Thriller,Haag Inc,2014-03-25T09:04:33Z
714,"I Love You, Alice B. Toklas!",Comedy,Gleichner-Bins,1979-03-08T21:14:37Z
715,Cold Trail (Köld slóð),Drama|Mystery|Thriller,"Ferry, Hansen and Carter",1992-01-12T02:41:04Z
716,King Kong Lives,Adventure|Sci-Fi,"Fisher, Kutch and Hahn",2010-01-24T02:43:13Z
717,Not Safe for Work,Thriller,Jerde-Cronin,1986-03-28T20:52:20Z
718,"King and the Mockingbird, The (Le roi et l'oiseau)",Animation|Children|Fantasy,"Reinger, Schuster and Marvin",1994-04-09T19:44:54Z
719,Hero and the Terror,Action|Crime,"Runte, Reichert and Brown",2009-04-13T06:17:21Z
720,Wake Wood ,Drama|Horror|Mystery,Effertz and Sons,2012-10-29T07:04:57Z
721,Speak,Drama,"Wolff, Bayer and Rohan",1974-12-22T16:42:15Z
722,John Adams,Drama,Hermann-Kozey,1987-06-02T23:26:46Z
723,Nightmaster (Watch the Shadows Dance),Action,Brown-Raynor,2014-05-31T05:24:52Z
724,Fat Head,Documentary,Rogahn Inc,1998-08-22T06:45:35Z
725,My Name Is Joe,Drama|Romance,Morissette Inc,1994-09-19T01:58:33Z
726,Lifeforce,Horror|Sci-Fi,"Eichmann, Cremin and Gerlach",1996-07-30T12:01:32Z
727,Amira & Sam,Comedy|Drama|Romance,Welch Inc,1982-01-28T14:00:28Z
728,Chinese Zodiac (Armour of God III) (CZ12),Action|Adventure|IMAX,"Bode, Walsh and Robel",2012-11-25T03:07:03Z
729,"Life of Reilly, The",Comedy,"Tremblay, Harber and Emard",1977-03-02T15:39:08Z
730,Taffin,Action|Thriller,Cormier and Sons,1988-12-20T17:21:30Z
731,Full Moon in Paris (Les nuits de la pleine lune),Drama|Romance,Vandervort Inc,1986-02-10T16:29:35Z
732,Pelle Svanslös i Amerikatt,Animation|Children,Bergnaum Inc,2016-07-05T09:35:02Z
733,If You Could Only Cook,Comedy|Romance,Bode-Stark,1985-02-15T00:57:05Z
734,Gordy,Children|Comedy|Fantasy,Hermiston Inc,2007-05-20T11:48:47Z
735,The Beast Kills in Cold Blood,Horror|Mystery|Thriller,"Davis, Schuster and Vandervort",2008-02-24T21:51:09Z
736,Sky Captain and the World of Tomorrow,Action|Adventure|Sci-Fi,"Cummings, Batz and Cronin",2003-09-27T20:51:22Z
737,Malibu's Most Wanted,Comedy|Crime,"Dibbert, Quitzon and Sipes",1987-02-17T14:10:52Z
738,Argo,Drama|Thriller,Kunde Group,2014-11-21T23:37:14Z
739,St. Vincent,Comedy,Collins Inc,2008-10-11T04:05:34Z
740,Break Up,Thriller,Davis and Sons,1986-04-01T14:23:19Z
741,Alaska,Adventure|Children,Johnson-Runolfsdottir,2008-01-07T08:19:21Z
742,Zouzou,Comedy,Sporer-Powlowski,1978-12-15T01:53:24Z
743,Adrift (À Deriva),Drama,Daniel-Schumm,1984-10-31T20:56:44Z
744,Show Me,Crime|Drama|Thriller,"Rau, Reichel and Mraz",1998-10-20T11:15:04Z
745,"Conspiracy, The",Horror|Thriller,Reinger-Williamson,1996-05-31T15:45:09Z
746,Shutter Island,Drama|Mystery|Thriller,Blick Group,2007-06-13T12:10:41Z
747,Coming Apart,Drama,Hodkiewicz-Bartoletti,1985-07-25T12:56:54Z
748,Little Monsters,Comedy,Hilll-Osinski,2008-08-29T16:10:16Z
749,Oxygen,Drama|Musical,"Towne, Torphy and Paucek",1977-05-04T07:13:36Z
750,"American Tail: Fievel Goes West, An",Adventure|Animation|Children|Musical|Western,Lind-Franecki,1981-01-21T03:13:34Z
751,Wu Tang Master (Tian shi zhuang xie),Action,Ondricka Inc,1976-12-28T02:54:52Z
752,Shadow Man,Action,Oberbrunner Group,2009-02-28T11:57:51Z
753,Southern Comfort,Documentary,"Hartmann, Walter and Schaefer",2009-12-06T20:06:49Z
754,Katsastus,Comedy|Drama,"Terry, Zulauf and Weissnat",2008-05-28T14:08:14Z
755,Dinosaurs: A Fun Filled Trip Back in Time,Animation|Children,Gleason Inc,2010-10-12T00:06:48Z
756,Running Mates,Comedy|Romance,Moen-Ortiz,1971-10-24T19:05:12Z
757,Citizen Koch,Documentary,"Beer, Smitham and O'Kon",2017-05-31T04:11:08Z
758,Dragonquest,Fantasy,"Rempel, Johnston and Bergstrom",1975-08-09T08:16:50Z
759,It Happened One Night,Comedy|Romance,"Lockman, Tromp and Hilpert",2010-03-31T12:04:31Z
760,Dona Flor and Her Two Husbands (Dona Flor e Seus Dois Maridos),Comedy,"Veum, O'Keefe and Kuhn",2001-08-13T22:29:38Z
761,At the River I Stand,Documentary,"Halvorson, Dach and Anderson",1979-01-28T00:24:35Z
762,Bait,Action|Comedy,Smitham-Frami,1991-02-16T16:18:03Z
763,No More School,Comedy,Stark Group,1977-02-18T12:24:33Z
764,Shadows and Fog,Comedy|Drama|Mystery|Thriller,Boyer-Crooks,1971-02-03T01:23:39Z
765,Dinosaurus!,Adventure|Comedy,Rippin Group,1985-11-24T11:05:57Z
766,The Bone Snatcher,Horror|Sci-Fi,Bayer LLC,1988-10-22T22:11:27Z
767,Nobody Walks,Drama,Lemke Group,1978-02-27T12:05:56Z
768,Floods of Fear,Action|Adventure|Crime|Thriller,Murphy-Jaskolski,1970-01-31T21:27:31Z
769,Open Season 3,Animation|Children|Comedy,Hettinger LLC,2012-08-12T08:57:26Z
770,"Sitter, The",Comedy,"Ziemann, Murray and Beatty",1995-02-24T21:09:09Z
771,Kiss of the Spider Woman,Drama,Considine Group,2010-03-05T17:35:00Z
772,Everything Relative,Drama,Mitchell and Sons,1978-11-25T11:19:33Z
773,"Thin Blue Line, The",Documentary,Kling-Harris,1988-12-02T07:54:26Z
774,Tell-Tale,Drama|Horror|Sci-Fi|Thriller,Abernathy-Dietrich,2010-05-09T08:58:22Z
775,Desperate,Drama|Film-Noir,Nienow Inc,2019-01-22T12:10:42Z
776,Djomeh,Drama,"D'Amore, Leannon and Schuster",1979-01-27T09:44:07Z
777,In the Loop,Comedy,Walker-Carroll,1972-06-22T16:08:18Z
778,"Bless Me, Ultima",Drama|War,"Bernhard, Steuber and Luettgen",1988-12-12T16:04:09Z
779,"Notorious Bettie Page, The",Drama,Waters Inc,1984-07-03T22:35:37Z
780,Out of Sight,Comedy|Crime|Drama|Romance|Thriller,Marquardt Inc,2005-02-11T13:05:18Z
781,Are You Scared?,Horror,"Kris, Gleichner and Muller",1980-04-22T06:31:10Z
782,Headfirst,Drama,"Olson, Shanahan and Russel",1998-10-02T21:34:16Z
783,Behind Blue Skies (Himlen är oskyldigt blå),Drama,Hirthe-Moore,1992-10-25T18:50:38Z
784,Shaft,Action|Crime|Thriller,"Ritchie, Balistreri and Harvey",1982-12-12T17:14:07Z
785,Frozen,Drama,"Bayer, Becker and Ledner",1993-07-08T18:57:38Z
786,Bey Yaar,Children|Comedy|Drama,Yost and Sons,1975-10-04T11:02:35Z
787,Metropolis,Drama|Sci-Fi,Abshire-Kessler,2003-07-10T17:37:35Z
788,High Fidelity,Comedy|Drama|Romance,Schowalter-Raynor,1984-12-11T07:42:01Z
789,Need for Speed,Action|Crime|Drama|IMAX,Runolfsdottir LLC,1993-07-05T11:46:59Z
790,Ink,Action|Fantasy|Sci-Fi,Luettgen-Bergstrom,2017-04-17T18:51:05Z
791,Stormbreaker (Alex Rider: Operation Stormbreaker),Action|Children,"Purdy, Rippin and Jones",1974-04-06T16:33:22Z
792,Click,Adventure|Comedy|Drama|Fantasy|Romance,Willms and Sons,2005-05-01T16:42:18Z
793,"Foreign Affair, A (2 Brothers & a Bride)",Comedy|Drama|Romance,Padberg-Blanda,2017-08-06T10:50:20Z
794,Confessions of a Gangsta,Action,Ankunding Inc,2000-12-08T09:25:59Z
795,"Patriots, The (Patriotes, Les)",Thriller,Bartell Group,1975-12-17T09:21:16Z
796,There's a Girl in My Soup,Comedy,Watsica Group,1996-08-18T18:20:25Z
797,Love Affair,Comedy|Drama|Romance,"Pagac, Schinner and Parisian",2009-06-02T00:00:31Z
798,Crumb,Documentary,Cruickshank-Goyette,2009-03-07T04:33:48Z
799,Fiend Without a Face,Horror|Sci-Fi|Thriller,Simonis-Rempel,1984-11-01T11:47:42Z
800,3 Ninjas,Action|Children|Comedy,Howe Group,1973-07-12T11:22:17Z
801,Personal Effects,Drama,Schaefer-Gibson,1981-07-01T08:45:24Z
802,Indian Summer,Comedy|Drama,Legros-Mills,1971-03-24T11:43:40Z
803,"Lover, The (Amant, L')",Drama|Romance,"Keebler, Harvey and King",1989-11-06T23:07:56Z
804,Beverly Hills Cop II,Action|Comedy|Crime|Thriller,Connelly-Upton,2013-02-11T03:41:36Z
805,"Element of Crime, The (Forbrydelsens Element)",Drama|Thriller,Von Inc,2011-03-10T09:03:28Z
806,Moving Alan,(no genres listed),Blick Inc,2017-04-17T03:46:08Z
807,Mr. Conservative: Goldwater on Goldwater,Documentary,"Kub, Ratke and Sauer",2011-03-03T16:26:02Z
808,French Roast,Animation|Comedy,"McDermott, Brown and Brakus",2009-09-28T21:26:50Z
809,"Children of Glory (Szabadság, szerelem)",Drama|Romance|War,Welch-Witting,1980-07-15T19:41:42Z
810,Suddenly,Crime|Drama|Film-Noir,Connelly-Osinski,2004-11-08T23:45:08Z
811,"China Lake Murders, The",Drama|Thriller,"Schumm, Reynolds and Hudson",2017-10-19T10:57:34Z
812,Side Out,Comedy|Romance,Terry Inc,1993-02-23T22:28:51Z
813,"Family Friend, The (L'amico di famiglia)",Drama,Wilkinson Inc,2021-02-08T07:55:37Z
814,"Gentleman's Game, A",Drama,"Hettinger, Cartwright and Hayes",1979-04-26T06:51:59Z
815,The Heart Machine,Drama|Thriller,"Wyman, Goldner and Padberg",1985-11-12T08:33:53Z
816,Home Fries,Comedy|Romance,O'Reilly Inc,2012-02-12T21:40:38Z
817,"Prime of Miss Jean Brodie, The",Drama,Waelchi-Kunze,1970-08-23T07:42:18Z
818,Brooklyn,Comedy|Drama|Romance,"Windler, D'Amore and Larkin",2003-09-15T17:21:03Z
819,Challenge of the Masters (Liu A-Cai yu Huang Fei-Hong),Action|Drama,Terry and Sons,1974-06-11T14:52:35Z
820,Raiders of the Lost Ark: The Adaptation,Action|Adventure|Thriller,Olson-Stehr,2007-02-06T00:39:01Z
821,Written on the Wind,Drama,"Nienow, Torphy and Schroeder",1996-10-10T09:34:59Z
822,Seinto Seiya: Legend of Sanctuary (Seinto Seiya: Legend of Sanctuary),Animation,Rau-Casper,1986-09-26T00:21:15Z
823,Bay of Blood (a.k.a. Twitch of the Death Nerve) (Reazione a catena),Horror,Nikolaus LLC,2001-08-11T22:59:28Z
824,"Eiger Sanction, The",Action|Adventure|Drama|Thriller,Barrows and Sons,1981-09-07T14:25:35Z
825,10 MPH,Documentary,"Barton, Boyer and Stroman",1981-03-02T11:07:26Z
826,"Lair of the White Worm, The",Horror,"Moen, Dare and Cronin",1986-09-23T02:08:06Z
827,Free Birds,Action|Adventure|Animation|Children|Comedy|Sci-Fi,Rempel and Sons,1986-05-01T11:16:26Z
828,The Hound of the Baskervilles,Crime|Drama|Horror|Mystery,"Howe, McKenzie and Williamson",1978-05-19T10:55:22Z
829,Scorchers,Comedy|Drama,"Cole, Jenkins and Jerde",1981-05-16T14:54:44Z
830,Code of Silence,Action,Johnson and Sons,2016-05-07T00:56:24Z
831,Company of Heroes,Action|War,"Bayer, Rice and Mraz",2004-03-10T21:50:33Z
832,"Blot, The",Drama,Zboncak-Lubowitz,2005-08-27T04:27:16Z
833,All I Desire,Drama|Romance,Blanda-Schamberger,1981-03-17T10:23:29Z
834,"Bag of Hammers, A",Comedy|Drama,Pagac-O'Kon,2004-07-25T18:39:29Z
835,The Fox and the Hound 2,Adventure|Animation|Children|Comedy,Cassin and Sons,1977-03-19T03:34:22Z
836,Nothing to Declare (Rien à déclarer),Comedy,"Boehm, Grady and Schulist",2013-11-26T10:50:09Z
837,"Mother and the Whore, The (Maman et la putain, La)",Drama,Lynch-DuBuque,2016-04-15T02:15:50Z
838,Upside Down: The Creation Records Story,Documentary,Hayes Inc,2001-09-16T04:35:22Z
839,Gunfight at the O.K. Corral,Western,Aufderhar Group,1996-04-14T08:56:57Z
840,Desperado,Action|Romance|Western,Durgan-Sauer,1979-10-11T16:29:40Z
841,Evil Toons,Comedy|Horror,Ziemann LLC,2010-05-23T12:04:03Z
842,"Naked Edge, The",Thriller,Dooley-Vandervort,1981-06-21T03:14:16Z
843,Your Highness,Action|Adventure|Comedy|Fantasy,Osinski Inc,1995-04-03T00:40:41Z
844,Beloved,Drama,Hayes Inc,2015-10-12T15:13:50Z
845,Gun Shy,Comedy,Trantow-Miller,1990-02-09T00:10:19Z
846,Rentun Ruusu,(no genres listed),Padberg-Rau,1974-10-25T13:55:01Z
847,Southland Tales,Comedy|Drama|Sci-Fi|Thriller,Klocko-Johnston,1971-08-10T04:17:45Z
848,Fireworks (Hana-bi),Crime|Drama,Daugherty-Wuckert,1983-12-14T00:04:57Z
849,Runaway Jury,Drama|Thriller,Kunze-Dickens,2013-12-17T13:47:59Z
850,"Amazing Panda Adventure, The",Adventure|Children,"Nolan, Legros and Treutel",1979-01-15T07:25:32Z
851,Earth Entranced (Terra em Transe),Drama,"Lemke, Bednar and Cormier",1995-10-13T21:08:55Z
852,The Raid 2: Berandal,Action|Crime|Thriller,"Franecki, Ryan and Runolfsson",1989-05-10T15:17:37Z
853,"Killer Shrews, The",Horror|Sci-Fi,Hahn-Goldner,2005-07-05T09:44:52Z
854,"No Blood Relation (Stepchild, The) (Nasanunaka)",Drama,"Langworth, Parker and Kilback",2012-03-18T00:47:34Z
855,Desert Heat (Inferno),Action,"Kirlin, Crooks and Ratke",2003-12-10T22:08:03Z
856,In Your Eyes,Drama|Fantasy|Romance,Pfannerstill-Bartoletti,2003-07-25T00:20:48Z
857,Cherish,Comedy|Drama|Thriller,Feil Group,2017-03-29T20:50:13Z
858,On the Ropes,Documentary|Drama,Ritchie-Sauer,1992-02-20T13:05:28Z
859,River's Edge,Crime|Drama,"Bergstrom, Romaguera and Ortiz",2001-08-13T11:22:57Z
860,Batman: Assault on Arkham,Action|Animation|Crime|Thriller,Keebler-Towne,1980-06-01T05:01:43Z
861,Funny Bones,Comedy|Drama,Ryan and Sons,1991-06-20T12:11:47Z
862,"Secret of NIMH, The",Adventure|Animation|Children|Drama,"Blick, Bednar and Leuschke",2015-08-26T05:54:57Z
863,Born Yesterday,Comedy,Hagenes Group,2012-07-12T08:18:01Z
864,Big Girls Don't Cry... They Get Even (Stepkids),Comedy,Konopelski-Becker,1980-08-12T10:49:33Z
865,Death of a Salesman,Drama,Collins-Moore,2005-07-21T07:05:32Z
866,Shame (Skammen),Drama|War,"Bernhard, Bechtelar and Gleason",2016-06-14T15:47:47Z
867,"Ruins, The",Horror|Thriller,D'Amore LLC,1976-05-12T07:00:20Z
868,Let's Kill Ward's Wife,Comedy,"Greenfelder, Mertz and Emard",2007-04-06T05:04:18Z
869,Nanny McPhee Returns (a.k.a. Nanny McPhee and the Big Bang),Children|Comedy|Fantasy,Roob-Collins,1984-02-11T23:25:21Z
870,Fingers at the Window,Drama|Film-Noir|Mystery,"Stroman, Sauer and Heaney",1995-01-01T03:48:18Z
871,"If It's Tuesday, This Must Be Belgium",Comedy|Drama,Runte and Sons,1988-04-07T03:31:28Z
872,Salvage,Horror,Rohan and Sons,2003-10-27T19:18:16Z
873,Faust,Drama,"Ruecker, Bayer and Rau",1970-01-21T16:11:02Z
874,"Murderous Maids (Blessures assassines, Les)",Drama,"Hudson, Wisoky and Bashirian",2018-08-08T18:52:35Z
875,What Happens in Vegas...,Comedy|Romance,Crist LLC,1972-01-02T16:23:47Z
876,The Man They Could Not Hang,Crime|Horror|Sci-Fi,Ernser-Batz,2018-08-18T12:58:47Z
877,"Chance of a Lifetime, The",Crime|Drama,Roob LLC,1986-03-04T14:31:28Z
878,Let it Rain (Parlez-moi de la pluie),Comedy|Drama,"Hoppe, Kuhic and O'Keefe",1991-04-26T23:44:52Z
879,Lapland Odyssey (Napapiirin sankarit),Comedy|Drama|Romance,Fahey-Turner,1994-02-01T08:45:53Z
880,"Hours, The",Drama|Romance,"Toy, Cole and Kemmer",1970-11-08T03:29:29Z
881,Fred: The Movie,Comedy,"Hartmann, Torp and Kirlin",2001-12-01T23:48:35Z
882,Desperado,Action|Romance|Western,Tillman LLC,1981-08-27T09:00:03Z
883,"Boy, Did I Get a Wrong Number!",Comedy,"Bogan, Dickens and Bode",2020-02-16T05:29:31Z
884,"Trial, The (Procès, Le)",Drama,"Walter, Bogan and Hansen",1984-08-20T09:50:34Z
885,"Shrine, The",Horror,"Breitenberg, Mayert and Rodriguez",2003-09-12T03:38:21Z
886,Foreign Letters,Comedy|Drama,Greenfelder and Sons,1986-11-20T17:14:53Z
887,Baarìa,Comedy|Drama|War,Lowe-Huels,1985-05-23T21:01:14Z
888,Moment by Moment,Drama|Romance,Wuckert-Bradtke,1976-12-06T12:41:58Z
889,Putney Swope,Comedy,Deckow Inc,2005-01-09T23:51:14Z
890,Unbroken,Drama|War,"Murphy, Little and Bosco",1987-05-25T00:37:20Z
891,Mortel transfert,Comedy|Crime|Thriller,"Hagenes, Gibson and Wuckert",2017-02-08T20:32:42Z
892,"Plainsman, The",War|Western,Rogahn and Sons,1982-11-07T06:17:48Z
893,Dr. Crippen,Crime|Drama,"Daniel, Crona and Johnston",1979-09-10T10:29:50Z
894,Partners,Comedy,Hane-Champlin,1970-01-14T03:11:38Z
895,Happy Birthday to a Beautiful Woman,Documentary,Schmeler and Sons,2015-03-30T03:11:46Z
896,We Still Kill the Old Way,Crime,Romaguera Inc,2019-06-16T04:37:19Z
897,American Gigolo,Drama,Smitham-Steuber,1989-07-30T08:18:08Z
898,This Sporting Life,Drama,"Veum, White and Grant",1975-10-23T12:57:42Z
899,"Normal Heart, The",Drama,Kuhn Group,1973-02-03T02:33:49Z
900,Fun is Beautiful,Comedy,Reichert Group,1973-02-28T19:51:42Z
901,Cain and Mabel,Comedy|Musical|Romance,Veum Group,1972-03-23T18:34:32Z
902,Faster,Action|Crime|Drama,"Swaniawski, Lueilwitz and Toy",2020-07-05T19:33:03Z
903,Gregory Crewdson: Brief Encounters,Documentary|Drama,Cronin Group,1972-10-09T12:42:49Z
904,Nicholas Nickleby,Drama|Romance,"Blanda, Klocko and Kunde",1995-03-04T07:00:03Z
905,"Luck, Trust & Ketchup: Robert Altman in Carver Country",Documentary,"Crooks, Schimmel and Waters",2014-02-05T04:16:55Z
906,My Own Man,(no genres listed),Will LLC,1985-08-03T19:50:45Z
907,Bang Bang,Comedy,Mertz Group,1999-10-16T21:19:24Z
908,Galaxy of Terror (Quest),Action|Horror|Mystery|Sci-Fi,Johnson Inc,2010-06-09T17:17:30Z
909,"Rocker, The",Comedy,"Crona, Buckridge and Blick",1978-09-09T02:40:04Z
910,Only the Strong Survive - A Celebration of Soul,Documentary|Musical,Turner-Trantow,1994-10-30T09:07:48Z
911,End Game,Crime|Drama|Mystery,Rath LLC,1981-06-22T01:43:44Z
912,"Ay, Carmela! (¡Ay, Carmela!)",Drama|War,"Feeney, Dickinson and Heller",1993-01-15T16:34:33Z
913,Fierce People,Drama,"Little, Considine and Medhurst",1970-03-18T22:44:57Z
914,Will It Snow For Christmas? (Y'aura-t-il de la neige à Noël?),Drama,"Reilly, Thiel and Beer",1978-10-01T07:40:56Z
915,Great Expectations,Drama|Romance,Wiza-Hackett,1996-02-23T06:05:14Z
916,Aprile,Comedy,Robel and Sons,2020-09-29T21:15:53Z
917,"Rage: Carrie 2, The",Horror,Bahringer-Deckow,1983-10-08T13:19:27Z
918,"Railway Children, The",Children|Drama,"Mills, Simonis and Farrell",1995-02-04T10:14:11Z
919,This is Martin Bonner,Drama,Fadel-Conn,1975-09-25T19:45:20Z
920,Orchestra Rehearsal (Prova d'orchestra),Drama,"Larson, Hansen and Schultz",1989-06-23T15:45:58Z
921,"Take, The",Crime|Drama,Goodwin-Ratke,1981-10-21T07:46:10Z
922,"Buona Sera, Mrs. Campbell",Comedy,Ziemann-Kozey,1983-01-08T18:22:18Z
923,"American, The",Drama|Thriller,Effertz-McDermott,2009-11-16T18:36:54Z
924,Something Real and Good,Drama,McClure Inc,2017-07-22T00:47:46Z
925,Escanaba in da Moonlight,Comedy,West Group,2006-12-09T00:55:16Z
926,Gantz: Perfect Answer,Action|Mystery|Sci-Fi,Muller-Pfannerstill,2009-12-21T07:56:26Z
927,Inherit the Wind,Drama,Murray-Hane,2008-12-31T18:25:29Z
928,Sleepwalkers,Horror,Nikolaus-Schimmel,1981-05-13T23:56:51Z
929,Nude for Satan (Nuda per Satana),Horror,Nicolas-Mosciski,2005-08-02T01:32:40Z
930,Planes,Adventure|Animation|Comedy,"Emmerich, Gerhold and Schulist",2008-06-30T12:32:53Z
931,Roadracers,Drama,Emmerich-Labadie,2007-08-26T23:50:32Z
932,Tucker: The Man and His Dream,Drama,"Greenfelder, Goldner and Bosco",2006-01-14T11:44:22Z
933,"Story Written with Water, A (Mizu de kakareta monogatari)",Drama,"Oberbrunner, Waelchi and Boyer",2000-10-29T08:37:44Z
934,"Legend of 1900, The (a.k.a. The Legend of the Pianist on the Ocean) (Leggenda del pianista sull'oceano)",Drama,Parisian LLC,2005-02-26T16:16:55Z
935,Steal This Movie!,Drama,"Gutkowski, Oberbrunner and Pouros",1981-11-27T15:22:12Z
936,"Samaritan, The",Drama|Thriller,Welch-D'Amore,2018-05-04T15:40:02Z
937,Take Me Home,Comedy|Romance,Ledner-Hegmann,1990-05-31T11:18:04Z
938,Supercop 2 (Project S) (Chao ji ji hua),Action|Comedy|Crime|Thriller,"Erdman, Kilback and Breitenberg",2002-07-15T18:08:43Z
939,None But the Brave,Drama|War,"Brekke, Monahan and Becker",2017-03-15T11:11:33Z
940,Hansel & Gretel,Drama|Fantasy|Horror|Mystery|Thriller,"Hammes, Jacobs and Dicki",1986-01-12T04:04:42Z
941,The Hire: Ticker,Action|Adventure,"McCullough, Baumbach and Leannon",1973-08-04T23:04:51Z
942,Junior Prom,Documentary,Osinski-Rodriguez,2002-09-10T01:26:25Z
943,Dangerous Liaisons,Comedy|Crime|Drama|Mystery,Thiel Group,1999-01-05T23:57:41Z
944,Loners (Samotári),Drama,"Heathcote, Goodwin and Heathcote",1989-03-10T05:19:21Z
945,American Pie,Comedy|Romance,Deckow-Gottlieb,1993-12-15T06:33:34Z
946,"Captain Newman, M.D.",Comedy|Drama|War,Lang-Swift,1986-06-27T04:55:06Z
947,Day of Wrath (Vredens dag),Drama,Hamill-Stokes,2012-11-09T18:08:56Z
948,Children of Nature (Börn náttúrunnar),Drama|Mystery,Funk-Deckow,2000-10-09T00:59:08Z
949,Grand Piano,Mystery|Thriller,Stracke-Ernser,1987-02-05T13:41:40Z
950,Lookin' to Get Out,Comedy,Wiza LLC,1990-06-10T05:18:51Z
951,Perils of the Sentimental Swordsman,Action|Adventure|Fantasy,"Olson, Herman and Kohler",1999-07-14T22:34:51Z
952,And Now a Word from Our Sponsor,Comedy|Drama,"Lemke, Kemmer and Gerlach",1996-12-02T19:51:31Z
953,Outrage,Documentary,Little Group,1997-03-13T02:47:50Z
954,"Goodnight, Mister Tom",Drama,"Heaney, Schimmel and Will",1993-03-08T17:23:10Z
955,Underworld,Crime|Drama|Film-Noir,"Schultz, Cormier and Hayes",1984-12-24T02:59:23Z
956,Cinderella Liberty,Drama|Romance,Schaefer and Sons,2018-04-03T15:14:35Z
957,Arabesque,Adventure|Drama|Romance|Thriller,Wuckert LLC,2015-04-13T05:42:19Z
958,Knight Moves,Mystery|Thriller,"Sporer, Hermann and Roberts",2005-09-18T15:50:18Z
959,Fantasia 2000,Animation|Children|Musical|IMAX,Block Inc,1991-08-02T15:30:20Z
960,Angel in My Pocket,Comedy,"Farrell, Fritsch and Mann",2001-07-22T13:35:52Z
961,Let Me In,Drama|Horror|Mystery,"Kihn, Ferry and Rolfson",2015-05-21T02:15:12Z
962,Better Housekeeping (a.k.a. Good Housekeeping),Comedy|Drama,Gutmann LLC,1971-06-01T15:31:11Z
963,Gamera: The Giant Monster (Daikaijû Gamera),Sci-Fi,Zulauf Group,1989-07-06T20:01:31Z
964,Stealing Rembrandt (Rembrandt),Action|Comedy|Crime,"Haley, Bins and Tillman",2006-07-14T06:36:09Z
965,"ChubbChubbs!, The",Animation|Comedy|Sci-Fi,"Upton, Bartoletti and Gerlach",1972-03-14T19:30:43Z
966,Iron Man,Action|Adventure|Sci-Fi,"Schroeder, Anderson and Sauer",2009-05-28T12:38:46Z
967,Bass Ackwards,Drama,"Padberg, Fahey and Schinner",1985-09-12T06:15:40Z
968,Fright Night,Comedy|Horror|Thriller,Wuckert Inc,2005-01-03T10:13:59Z
969,Penitentiary II,Drama,"Parker, Zulauf and Block",1999-04-09T12:45:16Z
970,Underworld: Awakening,Action|Fantasy|Horror|IMAX,Beatty and Sons,2009-12-04T04:47:37Z
971,"Thirty-Nine Steps, The",Crime|Mystery|Thriller,"Satterfield, Kutch and Kreiger",1991-04-09T20:53:01Z
972,Colour Me Kubrick: A True...ish Story,Comedy|Drama,Greenholt-Jerde,2001-09-10T20:47:19Z
973,"Rabid Grannies (Mémés cannibales, Les)",Comedy|Horror,Haag LLC,2014-09-13T21:14:18Z
974,Such Good Friends,Comedy|Drama,Ernser-Wiza,1990-09-07T02:36:21Z
975,Where Love Has Gone,Drama,"Friesen, Streich and Pouros",1984-03-12T02:43:42Z
976,As Tears Go By (Wong gok ka moon),Crime|Drama,Purdy LLC,1992-10-08T14:41:01Z
977,Chronicle of an Escape (Crónica de una fuga),Thriller,Muller LLC,1993-05-04T20:53:21Z
978,Malcolm X,Drama,Vandervort-Murray,1978-04-16T20:13:49Z
979,Yolanda and the Thief,Fantasy|Musical|Romance,Renner-Howell,1992-01-07T22:11:30Z
980,"Give 'em Hell, Malone",Action|Crime|Thriller,Orn-Kuphal,1973-10-10T20:56:14Z
981,Persona non grata,Drama,Willms-Franecki,2011-09-21T02:23:44Z
982,Lord Love a Duck,Comedy,Bartoletti LLC,2020-08-15T03:44:53Z
983,"Missing, The",Adventure|Thriller|Western,"Macejkovic, Wilkinson and Gislason",2005-04-15T10:48:59Z
984,Two Hands,Comedy|Crime|Thriller,Watsica LLC,2020-09-11T19:07:48Z
985,Stella Street,Comedy,Rowe Inc,2005-06-28T21:43:49Z
986,"Ritz, The",Comedy,Denesik-Kessler,2008-10-21T18:33:21Z
987,Reykjavik Whale Watching Massacre,Comedy|Horror,Borer-Price,1992-11-18T13:55:33Z
988,Step Brothers,Comedy,Sawayn and Sons,2013-12-29T03:45:09Z
989,I Know Where I'm Going!,Drama|Romance|War,Crooks-Leannon,2002-04-24T11:37:38Z
990,"Happiness of the Katakuris, The (Katakuri-ke no kôfuku)",Comedy|Horror|Musical,"Cartwright, Bradtke and Rosenbaum",2001-10-02T17:01:35Z
991,"Legend of Lylah Clare, The",Drama,Treutel Inc,2005-08-20T15:03:15Z
992,Hangman's Curse,Horror|Mystery|Thriller,"Osinski, Gulgowski and Sauer",1991-10-09T21:15:47Z
993,Quicksilver Highway,Horror|Thriller,"Lueilwitz, Douglas and Abshire",1991-10-15T17:10:39Z
994,"Isle, The (Seom)",Drama,Lemke Group,1976-04-01T04:31:09Z
995,Wrecked,Thriller,Mayer and Sons,2014-02-03T11:06:29Z
996,Nobody Walks,Drama,Effertz Inc,2008-09-15T14:57:12Z
997,Up the River,Comedy|Crime|Drama,Beer-Hand,1986-02-27T13:18:06Z
998,Scanners,Horror|Sci-Fi|Thriller,Waters-Stroman,1988-04-14T23:59:43Z
999,Gone to Earth,Drama|Romance,"VonRueden, Pollich and Adams",1979-11-29T09:45:55Z
1000,"N Word, The",Documentary,Wehner-D'Amore,2016-06-30T15:06:43Z
